--PERSONA
--medici da AAA0000000000001 a AAA0000000000016
--pazienti da AAA0000000000017 a AAA0000000000032
--fisioterapisti da BBB0000000000001 a BBB0000000000016
--infermieri da CCC0000000000001 a CCC0000000000016
INSERT INTO PERSONA(CF,VIA,CITTA,CAP,NOME,COGNOME,DATA_DI_NASCITA,CELLULARE,SESSO)
VALUES ('AAA0000000000001','IV NOVEMBRE','NAPOLI','80124','GIUSEPPE','CRISPINO',to_date('14/10/1978','dd/mm/yyyy'),'3330928372','M');
INSERT INTO PERSONA(CF,VIA,CITTA,CAP,NOME,COGNOME,DATA_DI_NASCITA,CELLULARE,SESSO)
VALUES ('AAA0000000000002','GIUSEPPE VERDI','MILANO','20019','MATTEO','RUOCCO',to_date('10/06/1988','dd/mm/yyyy'),'3332389223','M');
INSERT INTO PERSONA(CF,VIA,CITTA,CAP,NOME,COGNOME,DATA_DI_NASCITA,CELLULARE,SESSO)
VALUES ('AAA0000000000003','CORSO UMBERTO','CASORIA','80026','LUCA','VINCENZI',to_date('20/01/1958','dd/mm/yyyy'),'3662834531','M');
INSERT INTO PERSONA(CF,VIA,CITTA,CAP,NOME,COGNOME,DATA_DI_NASCITA,CELLULARE,SESSO)
VALUES ('AAA0000000000004','GIUSEPPE GARIBALDI','FRATTAMAGGIORE','80027','ANTONIO','CAPASSO',to_date('27/03/1967','dd/mm/yyyy'),'3442835831','M');
INSERT INTO PERSONA(CF,VIA,CITTA,CAP,NOME,COGNOME,DATA_DI_NASCITA,CELLULARE,SESSO)
VALUES ('AAA0000000000005','MARCONI','ROMA','00123','LAURA','MATROPIETRO',to_date('15/02/1977','dd/mm/yyyy'),'3552835831','F');
INSERT INTO PERSONA(CF,VIA,CITTA,CAP,NOME,COGNOME,DATA_DI_NASCITA,CELLULARE,SESSO)
VALUES ('AAA0000000000006','MARTIRI DELLA LIBERTA','BENEVENTO','82100','GIADA','ESPOSITO',to_date('25/04/1968','dd/mm/yyyy'),'3456835831','F');
INSERT INTO PERSONA(CF,VIA,CITTA,CAP,NOME,COGNOME,DATA_DI_NASCITA,CELLULARE,SESSO)
VALUES ('AAA0000000000007','DELLE ROSE','NAPOLI','80124','GIUSEPPE','CRISPINO',to_date('01/05/1965','dd/mm/yyyy'),'3442835831','M');
INSERT INTO PERSONA(CF,VIA,CITTA,CAP,NOME,COGNOME,DATA_DI_NASCITA,CELLULARE,SESSO)
VALUES ('AAA0000000000008','GIACOMO MATTEOTTI','CRISPANO','80020','ANNA','RAUCCI',to_date('31/07/1949','dd/mm/yyyy'),'3623536831','F');
INSERT INTO PERSONA(CF,VIA,CITTA,CAP,NOME,COGNOME,DATA_DI_NASCITA,CELLULARE,SESSO)
VALUES ('AAA0000000000009','GUGLIELMO MARCONI','NAPOLI','80124','CRISTINA','PERSICO',to_date('11/08/1993','dd/mm/yyyy'),'3652825851','F');
INSERT INTO PERSONA(CF,VIA,CITTA,CAP,NOME,COGNOME,DATA_DI_NASCITA,CELLULARE,SESSO)
VALUES ('AAA0000000000010','CAPRI','NAPOLI','80124','VINCENZO','SILVIO',to_date('12/09/1991','dd/mm/yyyy'),'3676835831','M');
INSERT INTO PERSONA(CF,VIA,CITTA,CAP,NOME,COGNOME,DATA_DI_NASCITA,CELLULARE,SESSO)
VALUES ('AAA0000000000011','RONCHI','GENOVA','16121','RENATO','APRILE',to_date('18/11/1944','dd/mm/yyyy'),'3662809831','M');
INSERT INTO PERSONA(CF,VIA,CITTA,CAP,NOME,COGNOME,DATA_DI_NASCITA,CELLULARE,SESSO)
VALUES ('AAA0000000000012','DELLA REPUBBLICA','ROMA','00123','ANGELA','CURTIS',to_date('12/12/1990','dd/mm/yyyy'),'3662830491','F');
INSERT INTO PERSONA(CF,VIA,CITTA,CAP,NOME,COGNOME,DATA_DI_NASCITA,CELLULARE,SESSO)
VALUES ('AAA0000000000013','VITTORIO EMANUELE III','NAPOLI','80124','GIANNI','ALTOBELLI',to_date('01/01/1955','dd/mm/yyyy'),'3624435831','M');
INSERT INTO PERSONA(CF,VIA,CITTA,CAP,NOME,COGNOME,DATA_DI_NASCITA,CELLULARE,SESSO)
VALUES ('AAA0000000000014','GIOVANNI FALCONE','PALERMO','90121','GIORGIO','ROSSI',to_date('24/03/1977','dd/mm/yyyy'),'3667205831','M');
INSERT INTO PERSONA(CF,VIA,CITTA,CAP,NOME,COGNOME,DATA_DI_NASCITA,CELLULARE,SESSO)
VALUES ('AAA0000000000015','XIII SETTEMBRE','CAMPOBASSO','86100','ROSA','VITALE',to_date('02/11/1960','dd/mm/yyyy'),'3662581038','F');
INSERT INTO PERSONA(CF,VIA,CITTA,CAP,NOME,COGNOME,DATA_DI_NASCITA,CELLULARE,SESSO)
VALUES ('AAA0000000000016','XIII SETTEMBRE','CAMPOBASSO','86100','GLORIA','ROSSI',to_date('05/05/1972','dd/mm/yyyy'),'3662831113','F');

INSERT INTO PERSONA(CF,VIA,CITTA,CAP,NOME,COGNOME,DATA_DI_NASCITA,CELLULARE,SESSO)
VALUES ('AAA0000000000017','CRISTOFORO COLOMBO','NAPOLI','80124','AMEDEO','ROSSI',to_date('03/11/1951','dd/mm/yyyy'),'3330218372','M');
INSERT INTO PERSONA(CF,VIA,CITTA,CAP,NOME,COGNOME,DATA_DI_NASCITA,CELLULARE,SESSO)
VALUES ('AAA0000000000018','CRISTOFORO COLOMBO','NAPOLI','80124','ANGELO','RUSSO',to_date('22/02/1953','dd/mm/yyyy'),'3330228372','M');
INSERT INTO PERSONA(CF,VIA,CITTA,CAP,NOME,COGNOME,DATA_DI_NASCITA,CELLULARE,SESSO)
VALUES ('AAA0000000000019','UMBERTO I','NAPOLI','80124','ANDREA','FERRARI',to_date('05/08/1953','dd/mm/yyyy'),'3330238372','M');
INSERT INTO PERSONA(CF,VIA,CITTA,CAP,NOME,COGNOME,DATA_DI_NASCITA,CELLULARE,SESSO)
VALUES ('AAA0000000000020','FOSCOLO','NAPOLI','80124','ANTIMO','ESPOSITO',to_date('10/11/1954','dd/mm/yyyy'),'3330248372','M');
INSERT INTO PERSONA(CF,VIA,CITTA,CAP,NOME,COGNOME,DATA_DI_NASCITA,CELLULARE,SESSO)
VALUES ('AAA0000000000021','DONIZZETTI','FRATTAMAGGIORE','80027','LUIGI','BIANCHI',to_date('11/10/1955','dd/mm/yyyy'),'3330258372','M');
INSERT INTO PERSONA(CF,VIA,CITTA,CAP,NOME,COGNOME,DATA_DI_NASCITA,CELLULARE,SESSO)
VALUES ('AAA0000000000022','ANTONIO GRAMSCI','FRATTAMAGGIORE','80027','ROMANO','ESPOSITO',to_date('19/11/1964','dd/mm/yyyy'),'3330268372','M');
INSERT INTO PERSONA(CF,VIA,CITTA,CAP,NOME,COGNOME,DATA_DI_NASCITA,CELLULARE,SESSO)
VALUES ('AAA0000000000023','ALESSANDRO VOLTA','FRATTAMAGGIORE','80027','COLOMBO','IANNUCCI',to_date('04/12/1967','dd/mm/yyyy'),'3330278372','M');
INSERT INTO PERSONA(CF,VIA,CITTA,CAP,NOME,COGNOME,DATA_DI_NASCITA,CELLULARE,SESSO)
VALUES ('AAA0000000000024','FIUME','FRATTAMAGGIORE','80027','MARCELLO','RICCI',to_date('07/08/1970','dd/mm/yyyy'),'3330288372','M');
INSERT INTO PERSONA(CF,VIA,CITTA,CAP,NOME,COGNOME,DATA_DI_NASCITA,CELLULARE,SESSO)
VALUES ('AAA0000000000025','RISORGIMENTO','CASORIA','80026','MANUELE','MARINO',to_date('09/11/1970','dd/mm/yyyy'),'3330298372','M');
INSERT INTO PERSONA(CF,VIA,CITTA,CAP,NOME,COGNOME,DATA_DI_NASCITA,CELLULARE,SESSO)
VALUES ('AAA0000000000026','XXV APRILE','CASORIA','80026','FILIPPO','GRECO',to_date('26/09/1986','dd/mm/yyyy'),'3330308372','M');
INSERT INTO PERSONA(CF,VIA,CITTA,CAP,NOME,COGNOME,DATA_DI_NASCITA,CELLULARE,SESSO)
VALUES ('AAA0000000000027','RAFFAELLO SANZIO','CASORIA','80026','FERDINANDO','BRUNO',to_date('09/10/1986','dd/mm/yyyy'),'3330318372','M');
INSERT INTO PERSONA(CF,VIA,CITTA,CAP,NOME,COGNOME,DATA_DI_NASCITA,CELLULARE,SESSO)
VALUES ('AAA0000000000028','MASCAGNI','CASORIA','80026','FRANCESCA','GALLO',to_date('23/07/1987','dd/mm/yyyy'),'3330328372','F');
INSERT INTO PERSONA(CF,VIA,CITTA,CAP,NOME,COGNOME,DATA_DI_NASCITA,CELLULARE,SESSO)
VALUES ('AAA0000000000029','TASSO','TORRE DEL GRECO','80059','IOLE','CONTI',to_date('22/04/1988','dd/mm/yyyy'),'3330338372','F');
INSERT INTO PERSONA(CF,VIA,CITTA,CAP,NOME,COGNOME,DATA_DI_NASCITA,CELLULARE,SESSO)
VALUES ('AAA0000000000030','MANZONI','TORRE DEL GRECO','80059','GIUSEPPINA','ESPOSITO',to_date('29/09/1966','dd/mm/yyyy'),'3330348372','F');
INSERT INTO PERSONA(CF,VIA,CITTA,CAP,NOME,COGNOME,DATA_DI_NASCITA,CELLULARE,SESSO)
VALUES ('AAA0000000000031','VITTORIO EMANUELE','TORRE DEL GRECO','80059','GIANNA','CRISPINO',to_date('31/12/1976','dd/mm/yyyy'),'3330358372','F');
INSERT INTO PERSONA(CF,VIA,CITTA,CAP,NOME,COGNOME,DATA_DI_NASCITA,CELLULARE,SESSO)
VALUES ('AAA0000000000032','REGINA MARGHERITA','TORRE DEL GRECO','80059','MARIA','FONTANA',to_date('25/08/1993','dd/mm/yyyy'),'3330368372','F');

INSERT INTO PERSONA(CF,VIA,CITTA,CAP,NOME,COGNOME,DATA_DI_NASCITA,CELLULARE,SESSO)
VALUES ('BBB0000000000001','GARIBALDI','CRISPANO','80020','ALFREDO','DI GENNARO',to_date('01/01/1945','dd/mm/yyyy'),'3669581057','M');
INSERT INTO PERSONA(CF,VIA,CITTA,CAP,NOME,COGNOME,DATA_DI_NASCITA,CELLULARE,SESSO)
VALUES ('BBB0000000000002','VITTORIA','NAPOLI','80124','FRANCESCA','DI GIORGIO',to_date('05/01/1947','dd/mm/yyyy'),'3669472057','F');
INSERT INTO PERSONA(CF,VIA,CITTA,CAP,NOME,COGNOME,DATA_DI_NASCITA,CELLULARE,SESSO)
VALUES ('BBB0000000000003','ROSSINI','CASORIA','80026','LUIGI','DE MAGISTRIS',to_date('21/02/1955','dd/mm/yyyy'),'3669581001','M');
INSERT INTO PERSONA(CF,VIA,CITTA,CAP,NOME,COGNOME,DATA_DI_NASCITA,CELLULARE,SESSO)
VALUES ('BBB0000000000004','MANZONI','CAIVANO','80023','GIANNI','CELESTE',to_date('22/03/1965','dd/mm/yyyy'),'3669581002','M');
INSERT INTO PERSONA(CF,VIA,CITTA,CAP,NOME,COGNOME,DATA_DI_NASCITA,CELLULARE,SESSO)
VALUES ('BBB0000000000005','MOZART','NAPOLI','80124','GIOVANNA','DELLA VECCHIA',to_date('07/03/1966','dd/mm/yyyy'),'3669581003','F');
INSERT INTO PERSONA(CF,VIA,CITTA,CAP,NOME,COGNOME,DATA_DI_NASCITA,CELLULARE,SESSO)
VALUES ('BBB0000000000006','GIROLAMO','CRISPANO','80020','ASSUNTA','DI GENNARO',to_date('03/07/1966','dd/mm/yyyy'),'3669581004','F');
INSERT INTO PERSONA(CF,VIA,CITTA,CAP,NOME,COGNOME,DATA_DI_NASCITA,CELLULARE,SESSO)
VALUES ('BBB0000000000007','DELLE ROSE','NAPOLI','80124','ANNA','GALDIERI',to_date('06/04/1970','dd/mm/yyyy'),'3669581005','F');
INSERT INTO PERSONA(CF,VIA,CITTA,CAP,NOME,COGNOME,DATA_DI_NASCITA,CELLULARE,SESSO)
VALUES ('BBB0000000000008','GARIBALDI','CAIVANO','80023','ANNALIA','DI LELLO',to_date('15/04/1971','dd/mm/yyyy'),'3669581006','F');
INSERT INTO PERSONA(CF,VIA,CITTA,CAP,NOME,COGNOME,DATA_DI_NASCITA,CELLULARE,SESSO)
VALUES ('BBB0000000000009','MATTEOTTI','NAPOLI','80124','ALFONSO','DI GIOVANNI',to_date('17/06/1985','dd/mm/yyyy'),'3669581007','M');
INSERT INTO PERSONA(CF,VIA,CITTA,CAP,NOME,COGNOME,DATA_DI_NASCITA,CELLULARE,SESSO)
VALUES ('BBB0000000000010','BEETHOVEN','NAPOLI','80124','CARLA','DE GIROLAMO',to_date('23/06/1987','dd/mm/yyyy'),'3669581008','F');
INSERT INTO PERSONA(CF,VIA,CITTA,CAP,NOME,COGNOME,DATA_DI_NASCITA,CELLULARE,SESSO)
VALUES ('BBB0000000000011','FALCONE','NAPOLI','80124','ALFREDO','PETROSINO',to_date('25/08/1968','dd/mm/yyyy'),'3669581009','M');
INSERT INTO PERSONA(CF,VIA,CITTA,CAP,NOME,COGNOME,DATA_DI_NASCITA,CELLULARE,SESSO)
VALUES ('BBB0000000000012','BORSELLINO','FRATTAMAGGIORE','80027','GIANNI','LETTIERO',to_date('11/11/1981','dd/mm/yyyy'),'3669581010','M');
INSERT INTO PERSONA(CF,VIA,CITTA,CAP,NOME,COGNOME,DATA_DI_NASCITA,CELLULARE,SESSO)
VALUES ('BBB0000000000013','IMMACOLATA','CASORIA','80026','ANTONIO','RAVO',to_date('24/09/1990','dd/mm/yyyy'),'3669581011','F');
INSERT INTO PERSONA(CF,VIA,CITTA,CAP,NOME,COGNOME,DATA_DI_NASCITA,CELLULARE,SESSO)
VALUES ('BBB0000000000014','GARIBALDI','CRISPANO','80020','TERESA','RIVA',to_date('01/01/1991','dd/mm/yyyy'),'3669581012','F');
INSERT INTO PERSONA(CF,VIA,CITTA,CAP,NOME,COGNOME,DATA_DI_NASCITA,CELLULARE,SESSO)
VALUES ('BBB0000000000015','GARIBALDI','CRISPANO','80020','LUIGI','DI MIAO',to_date('10/06/1992','dd/mm/yyyy'),'3669581013','M');
INSERT INTO PERSONA(CF,VIA,CITTA,CAP,NOME,COGNOME,DATA_DI_NASCITA,CELLULARE,SESSO)
VALUES ('BBB0000000000016','GARIBALDI','CRISPANO','80020','CHIARA','DI MICCO',to_date('01/01/1993','dd/mm/yyyy'),'3669581014','M');


INSERT INTO PERSONA(CF,VIA,CITTA,CAP,NOME,COGNOME,DATA_DI_NASCITA,CELLULARE,SESSO)
VALUES ('CCC0000000000001','ATELLANA','CASORIA','80026','GIANNI','MORETTI',to_date('11/02/1948','dd/mm/yyyy'),'3669581058','M');
INSERT INTO PERSONA(CF,VIA,CITTA,CAP,NOME,COGNOME,DATA_DI_NASCITA,CELLULARE,SESSO)
VALUES ('CCC0000000000002','FRATELLI ROSSELLI','NAPOLI','80124','ANDREA','NAPOLI',to_date('15/03/1949','dd/mm/yyyy'),'3669581059','M');
INSERT INTO PERSONA(CF,VIA,CITTA,CAP,NOME,COGNOME,DATA_DI_NASCITA,CELLULARE,SESSO)
VALUES ('CCC0000000000003','TEVERE','ROMA','00123','CHIARA','DE VITA',to_date('18/07/1975','dd/mm/yyyy'),'3669581060','F');
INSERT INTO PERSONA(CF,VIA,CITTA,CAP,NOME,COGNOME,DATA_DI_NASCITA,CELLULARE,SESSO)
VALUES ('CCC0000000000004','BELLINI','NAPOLI','80124','ILARIA','GALDIERI',to_date('10/09/1985','dd/mm/yyyy'),'3669581061','F');
INSERT INTO PERSONA(CF,VIA,CITTA,CAP,NOME,COGNOME,DATA_DI_NASCITA,CELLULARE,SESSO)
VALUES ('CCC0000000000005','DELLA LIBERTA','CARDITO','80024','FATIMA','TROTTA',to_date('21/11/1985','dd/mm/yyyy'),'3669581062','F');
INSERT INTO PERSONA(CF,VIA,CITTA,CAP,NOME,COGNOME,DATA_DI_NASCITA,CELLULARE,SESSO)
VALUES ('CCC0000000000006','VOLTA','CARDITO','80024','ANNABELLA','DE CURTIS',to_date('26/12/1989','dd/mm/yyyy'),'3669581063','F');
INSERT INTO PERSONA(CF,VIA,CITTA,CAP,NOME,COGNOME,DATA_DI_NASCITA,CELLULARE,SESSO)
VALUES ('CCC0000000000007','RUSSO','NAPOLI','80124','CARLO','MANFRIN',to_date('29/05/1975','dd/mm/yyyy'),'3669581064','M');
INSERT INTO PERSONA(CF,VIA,CITTA,CAP,NOME,COGNOME,DATA_DI_NASCITA,CELLULARE,SESSO)
VALUES ('CCC0000000000008','GENTILE','CASORIA','80026','ALDO','BRANDO',to_date('11/12/1975','dd/mm/yyyy'),'3669581065','M');
INSERT INTO PERSONA(CF,VIA,CITTA,CAP,NOME,COGNOME,DATA_DI_NASCITA,CELLULARE,SESSO)
VALUES ('CCC0000000000009','AVELLINO','CASORIA','80026','GIOVANNI','DI MATTEO',to_date('27/03/1981','dd/mm/yyyy'),'3669581066','M');
INSERT INTO PERSONA(CF,VIA,CITTA,CAP,NOME,COGNOME,DATA_DI_NASCITA,CELLULARE,SESSO)
VALUES ('CCC0000000000010','AMENDOLA','CASORIA','80026','GIORGIA','DE MARTINO',to_date('09/09/1981','dd/mm/yyyy'),'3669581067','F');
INSERT INTO PERSONA(CF,VIA,CITTA,CAP,NOME,COGNOME,DATA_DI_NASCITA,CELLULARE,SESSO)
VALUES ('CCC0000000000011','MORO','NAPOLI','80124','NICOLA','ANDRETTA',to_date('24/04/1983','dd/mm/yyyy'),'3669581068','M');
INSERT INTO PERSONA(CF,VIA,CITTA,CAP,NOME,COGNOME,DATA_DI_NASCITA,CELLULARE,SESSO)
VALUES ('CCC0000000000012','MARSALA','NAPOLI','80124','ANTONIETTA','LETTIERO',to_date('01/01/1983','dd/mm/yyyy'),'3669581069','F');
INSERT INTO PERSONA(CF,VIA,CITTA,CAP,NOME,COGNOME,DATA_DI_NASCITA,CELLULARE,SESSO)
VALUES ('CCC0000000000013','COLOMBO','CASORIA','80026','CRISTIAN','IMPANATO',to_date('11/12/1988','dd/mm/yyyy'),'3669581090','M');
INSERT INTO PERSONA(CF,VIA,CITTA,CAP,NOME,COGNOME,DATA_DI_NASCITA,CELLULARE,SESSO)
VALUES ('CCC0000000000014','GIANNINI','CASORIA','80026','ADAM','ESPOSITO',to_date('22/06/1985','dd/mm/yyyy'),'3669581091','M');
INSERT INTO PERSONA(CF,VIA,CITTA,CAP,NOME,COGNOME,DATA_DI_NASCITA,CELLULARE,SESSO)
VALUES ('CCC0000000000015','GIANNINI','CASORIA','80026','GIACOMINA','DELLA VALLE',to_date('12/12/1990','dd/mm/yyyy'),'3669581092','F');
INSERT INTO PERSONA(CF,VIA,CITTA,CAP,NOME,COGNOME,DATA_DI_NASCITA,CELLULARE,SESSO)
VALUES ('CCC0000000000016','GIANNINI','CASORIA','80026','CRISTIANO','RONALDO',to_date('12/08/1991','dd/mm/yyyy'),'3669581093','M');

--MEDICO
INSERT INTO MEDICO(CF_MED,ALBO,SPECIALIZZAZIONE)
VALUES ('AAA0000000000001','928401','Cardiologia');
INSERT INTO MEDICO(CF_MED,ALBO,SPECIALIZZAZIONE)
VALUES ('AAA0000000000002','928402','Cardiologia');
INSERT INTO MEDICO(CF_MED,ALBO,SPECIALIZZAZIONE)
VALUES ('AAA0000000000003','928403','Dietologia');
INSERT INTO MEDICO(CF_MED,ALBO,SPECIALIZZAZIONE)
VALUES ('AAA0000000000004','928404','Dietologia');
INSERT INTO MEDICO(CF_MED,ALBO,SPECIALIZZAZIONE)
VALUES ('AAA0000000000005','928405','Fisiatria');
INSERT INTO MEDICO(CF_MED,ALBO,SPECIALIZZAZIONE)
VALUES ('AAA0000000000006','928406','Fisiatria');
INSERT INTO MEDICO(CF_MED,ALBO,SPECIALIZZAZIONE)
VALUES ('AAA0000000000007','928407','Geriatria');
INSERT INTO MEDICO(CF_MED,ALBO,SPECIALIZZAZIONE)
VALUES ('AAA0000000000008','928408','Geriatria');
INSERT INTO MEDICO(CF_MED,ALBO,SPECIALIZZAZIONE)
VALUES ('AAA0000000000009','928409','Chirurgia Generale');
INSERT INTO MEDICO(CF_MED,ALBO,SPECIALIZZAZIONE)
VALUES ('AAA0000000000010','928410','Neurochirurgia');
INSERT INTO MEDICO(CF_MED,ALBO,SPECIALIZZAZIONE)
VALUES ('AAA0000000000011','928411','Medicina Interna');
INSERT INTO MEDICO(CF_MED,ALBO,SPECIALIZZAZIONE)
VALUES ('AAA0000000000012','928412','Chirurgia Generale');
INSERT INTO MEDICO(CF_MED,ALBO,SPECIALIZZAZIONE)
VALUES ('AAA0000000000013','928413','Cardiochirurgia');
INSERT INTO MEDICO(CF_MED,ALBO,SPECIALIZZAZIONE)
VALUES ('AAA0000000000014','928414','Neurologia');
INSERT INTO MEDICO(CF_MED,ALBO,SPECIALIZZAZIONE)
VALUES ('AAA0000000000015','928415','Ortopedia e traumatologia');
INSERT INTO MEDICO(CF_MED,ALBO,SPECIALIZZAZIONE)
VALUES ('AAA0000000000016','928416','Chirurgia Generale');

--PAZIENTE
INSERT INTO PAZIENTE(CF_PAZ,CELL_FAMILIARE)
VALUES ('AAA0000000000017','3330928372');
INSERT INTO PAZIENTE(CF_PAZ,CELL_FAMILIARE)
VALUES ('AAA0000000000018','3330928373');
INSERT INTO PAZIENTE(CF_PAZ,CELL_FAMILIARE)
VALUES ('AAA0000000000019','3330928374');
INSERT INTO PAZIENTE(CF_PAZ,CELL_FAMILIARE)
VALUES ('AAA0000000000020','3330928375');
INSERT INTO PAZIENTE(CF_PAZ,CELL_FAMILIARE)
VALUES ('AAA0000000000021','3330928376');
INSERT INTO PAZIENTE(CF_PAZ,CELL_FAMILIARE)
VALUES ('AAA0000000000022','3330928377');
INSERT INTO PAZIENTE(CF_PAZ,CELL_FAMILIARE)
VALUES ('AAA0000000000023','3330928378');
INSERT INTO PAZIENTE(CF_PAZ,CELL_FAMILIARE)
VALUES ('AAA0000000000024','3330928379');
INSERT INTO PAZIENTE(CF_PAZ,CELL_FAMILIARE)
VALUES ('AAA0000000000025','3330928370');
INSERT INTO PAZIENTE(CF_PAZ,CELL_FAMILIARE)
VALUES ('AAA0000000000026','3330928311');
INSERT INTO PAZIENTE(CF_PAZ,CELL_FAMILIARE)
VALUES ('AAA0000000000027','3330928312');
INSERT INTO PAZIENTE(CF_PAZ,CELL_FAMILIARE)
VALUES ('AAA0000000000028','3330928313');
INSERT INTO PAZIENTE(CF_PAZ,CELL_FAMILIARE)
VALUES ('AAA0000000000029','3330928314');
INSERT INTO PAZIENTE(CF_PAZ,CELL_FAMILIARE)
VALUES ('AAA0000000000030','3330928315');
INSERT INTO PAZIENTE(CF_PAZ,CELL_FAMILIARE)
VALUES ('AAA0000000000031','3330928316');
INSERT INTO PAZIENTE(CF_PAZ,CELL_FAMILIARE)
VALUES ('AAA0000000000032','3330928317');

--FISIOTERAPISTA
INSERT INTO FISIOTERAPISTA (CF_FISIO, ALBO)
VALUES ('BBB0000000000001', 'FIS001');
INSERT INTO FISIOTERAPISTA (CF_FISIO, ALBO)
VALUES ('BBB0000000000002', 'FIS002');
INSERT INTO FISIOTERAPISTA (CF_FISIO, ALBO)
VALUES ('BBB0000000000003', 'FIS003');
INSERT INTO FISIOTERAPISTA (CF_FISIO, ALBO)
VALUES ('BBB0000000000004', 'FIS004');
INSERT INTO FISIOTERAPISTA (CF_FISIO, ALBO)
VALUES ('BBB0000000000005', 'FIS005');
INSERT INTO FISIOTERAPISTA (CF_FISIO, ALBO)
VALUES ('BBB0000000000006', 'FIS006');
INSERT INTO FISIOTERAPISTA (CF_FISIO, ALBO)
VALUES ('BBB0000000000007', 'FIS007');
INSERT INTO FISIOTERAPISTA (CF_FISIO, ALBO)
VALUES ('BBB0000000000008', 'FIS008');
INSERT INTO FISIOTERAPISTA (CF_FISIO, ALBO)
VALUES ('BBB0000000000009', 'FIS009');
INSERT INTO FISIOTERAPISTA (CF_FISIO, ALBO)
VALUES ('BBB0000000000010', 'FIS010');
INSERT INTO FISIOTERAPISTA (CF_FISIO, ALBO)
VALUES ('BBB0000000000011', 'FIS011');
INSERT INTO FISIOTERAPISTA (CF_FISIO, ALBO)
VALUES ('BBB0000000000012', 'FIS012');
INSERT INTO FISIOTERAPISTA (CF_FISIO, ALBO)
VALUES ('BBB0000000000013', 'FIS013');
INSERT INTO FISIOTERAPISTA (CF_FISIO, ALBO)
VALUES ('BBB0000000000014', 'FIS014');
INSERT INTO FISIOTERAPISTA (CF_FISIO, ALBO)
VALUES ('BBB0000000000015', 'FIS015');
INSERT INTO FISIOTERAPISTA (CF_FISIO, ALBO)
VALUES ('BBB0000000000016', 'FIS016');

--INFERMIERE
INSERT INTO INFERMIERE(CF_INF, ALBO) VALUES ('CCC0000000000001', '817301');
INSERT INTO INFERMIERE(CF_INF, ALBO) VALUES ('CCC0000000000002', '817302');
INSERT INTO INFERMIERE(CF_INF, ALBO) VALUES ('CCC0000000000003', '817303');
INSERT INTO INFERMIERE(CF_INF, ALBO) VALUES ('CCC0000000000004', '817304');
INSERT INTO INFERMIERE(CF_INF, ALBO) VALUES ('CCC0000000000005', '817305');
INSERT INTO INFERMIERE(CF_INF, ALBO) VALUES ('CCC0000000000006', '817306');
INSERT INTO INFERMIERE(CF_INF, ALBO) VALUES ('CCC0000000000007', '817307');
INSERT INTO INFERMIERE(CF_INF, ALBO) VALUES ('CCC0000000000008', '817308');
INSERT INTO INFERMIERE(CF_INF, ALBO) VALUES ('CCC0000000000009', '817309');
INSERT INTO INFERMIERE(CF_INF, ALBO) VALUES ('CCC0000000000010', '817310');
INSERT INTO INFERMIERE(CF_INF, ALBO) VALUES ('CCC0000000000011', '817311');
INSERT INTO INFERMIERE(CF_INF, ALBO) VALUES ('CCC0000000000012', '817312');
INSERT INTO INFERMIERE(CF_INF, ALBO) VALUES ('CCC0000000000013', '817313');
INSERT INTO INFERMIERE(CF_INF, ALBO) VALUES ('CCC0000000000014', '817314');
INSERT INTO INFERMIERE(CF_INF, ALBO) VALUES ('CCC0000000000015', '817315');
INSERT INTO INFERMIERE(CF_INF, ALBO) VALUES ('CCC0000000000016', '817316');

--RICOVERO
--CODICE_DIAGNOSI: da 101 a 110
INSERT INTO RICOVERO(ID_RICOVERO,CODICE_DIAGNOSI,DATA_RICOVERO,CF_PAZ)
VALUES (seq_ricovero.NEXTVAL,101,to_date('01/01/2019 09:00:00','dd/mm/yyyy HH24:mi:ss'),'AAA0000000000017');
INSERT INTO RICOVERO(ID_RICOVERO,CODICE_DIAGNOSI,DATA_RICOVERO,CF_PAZ)
VALUES (seq_ricovero.NEXTVAL,102,to_date('10/01/2019 11:00:00','dd/mm/yyyy HH24:mi:ss'),'AAA0000000000018');
INSERT INTO RICOVERO(ID_RICOVERO,CODICE_DIAGNOSI,DATA_RICOVERO,CF_PAZ)
VALUES (seq_ricovero.NEXTVAL,103,to_date('12/01/2019 10:00:00','dd/mm/yyyy HH24:mi:ss'),'AAA0000000000019');
INSERT INTO RICOVERO(ID_RICOVERO,CODICE_DIAGNOSI,DATA_RICOVERO,CF_PAZ)
VALUES (seq_ricovero.NEXTVAL,104,to_date('22/01/2019 13:00:00','dd/mm/yyyy HH24:mi:ss'),'AAA0000000000020');
INSERT INTO RICOVERO(ID_RICOVERO,CODICE_DIAGNOSI,DATA_RICOVERO,CF_PAZ)
VALUES (seq_ricovero.NEXTVAL,105,to_date('01/02/2019 09:00:00','dd/mm/yyyy HH24:mi:ss'),'AAA0000000000021');
INSERT INTO RICOVERO(ID_RICOVERO,CODICE_DIAGNOSI,DATA_RICOVERO,CF_PAZ)
VALUES (seq_ricovero.NEXTVAL,106,to_date('13/02/2019 11:00:00','dd/mm/yyyy HH24:mi:ss'),'AAA0000000000022');
INSERT INTO RICOVERO(ID_RICOVERO,CODICE_DIAGNOSI,DATA_RICOVERO,CF_PAZ)
VALUES (seq_ricovero.NEXTVAL,107,to_date('25/02/2019 14:00:00','dd/mm/yyyy HH24:mi:ss'),'AAA0000000000023');
INSERT INTO RICOVERO(ID_RICOVERO,CODICE_DIAGNOSI,DATA_RICOVERO,CF_PAZ)
VALUES (seq_ricovero.NEXTVAL,108,to_date('03/03/2019 10:00:00','dd/mm/yyyy HH24:mi:ss'),'AAA0000000000024');
INSERT INTO RICOVERO(ID_RICOVERO,CODICE_DIAGNOSI,DATA_RICOVERO,CF_PAZ)
VALUES (seq_ricovero.NEXTVAL,109,to_date('07/03/2019 15:00:00','dd/mm/yyyy HH24:mi:ss'),'AAA0000000000025');
INSERT INTO RICOVERO(ID_RICOVERO,CODICE_DIAGNOSI,DATA_RICOVERO,CF_PAZ)
VALUES (seq_ricovero.NEXTVAL,110,to_date('27/03/2019 08:00:00','dd/mm/yyyy HH24:mi:ss'),'AAA0000000000026');
INSERT INTO RICOVERO(ID_RICOVERO,CODICE_DIAGNOSI,DATA_RICOVERO,CF_PAZ)
VALUES (seq_ricovero.NEXTVAL,101,to_date('11/04/2019 13:00:00','dd/mm/yyyy HH24:mi:ss'),'AAA0000000000027');
INSERT INTO RICOVERO(ID_RICOVERO,CODICE_DIAGNOSI,DATA_RICOVERO,CF_PAZ)
VALUES (seq_ricovero.NEXTVAL,102,to_date('01/05/2019 09:00:00','dd/mm/yyyy HH24:mi:ss'),'AAA0000000000028');
INSERT INTO RICOVERO(ID_RICOVERO,CODICE_DIAGNOSI,DATA_RICOVERO,CF_PAZ)
VALUES (seq_ricovero.NEXTVAL,103,to_date('02/05/2019 10:00:00','dd/mm/yyyy HH24:mi:ss'),'AAA0000000000029');
INSERT INTO RICOVERO(ID_RICOVERO,CODICE_DIAGNOSI,DATA_RICOVERO,CF_PAZ)
VALUES (seq_ricovero.NEXTVAL,104,to_date('02/05/2019 10:22:00','dd/mm/yyyy HH24:mi:ss'),'AAA0000000000030');
INSERT INTO RICOVERO(ID_RICOVERO,CODICE_DIAGNOSI,DATA_RICOVERO,CF_PAZ)
VALUES (seq_ricovero.NEXTVAL,105,to_date('21/05/2019 11:10:00','dd/mm/yyyy HH24:mi:ss'),'AAA0000000000031');
INSERT INTO RICOVERO(ID_RICOVERO,CODICE_DIAGNOSI,DATA_RICOVERO,CF_PAZ)
VALUES (seq_ricovero.NEXTVAL ,110,to_date('21/05/2019 11:11:00','dd/mm/yyyy HH24:mi:ss'),'AAA0000000000032');

--INTERVENTO
--Le sale vanno da 10 a 15
INSERT INTO INTERVENTO(ID_INTERVENTO,DATA_PREVISTA,DATA_EFFETTIVA,TIPO,DURATA_PREVISTA,DURATA_EFFETTIVA,NUM_SALA_OPERA,ID_RICOVERO,CF_PAZ)
VALUES (seq_intervento.NEXTVAL,to_date('11/02/2019 11:00:00','dd/mm/yyyy HH24:mi:ss'),to_date('11/02/2019 11:00:00','dd/mm/yyyy HH24:mi:ss'),'Amputazione',1,1,10,1000000003,'AAA0000000000017');
INSERT INTO INTERVENTO(ID_INTERVENTO,DATA_PREVISTA,DATA_EFFETTIVA,TIPO,DURATA_PREVISTA,DURATA_EFFETTIVA,NUM_SALA_OPERA,ID_RICOVERO,CF_PAZ)
VALUES (seq_intervento.NEXTVAL,to_date('13/02/2019 11:00:00','dd/mm/yyyy HH24:mi:ss'),to_date('13/02/2019 12:00:00','dd/mm/yyyy HH24:mi:ss'),'Aspirazione',5,5,10,1000000003,'AAA0000000000017');
INSERT INTO INTERVENTO(ID_INTERVENTO,DATA_PREVISTA,DATA_EFFETTIVA,TIPO,DURATA_PREVISTA,DURATA_EFFETTIVA,NUM_SALA_OPERA,ID_RICOVERO,CF_PAZ)
VALUES (seq_intervento.NEXTVAL,to_date('14/02/2019 11:00:00','dd/mm/yyyy HH24:mi:ss'),to_date('14/02/2019 11:00:00','dd/mm/yyyy HH24:mi:ss'),'Aspirazione',3,2,10,1000000002,'AAA0000000000018');
INSERT INTO INTERVENTO(ID_INTERVENTO,DATA_PREVISTA,DATA_EFFETTIVA,TIPO,DURATA_PREVISTA,DURATA_EFFETTIVA,NUM_SALA_OPERA,ID_RICOVERO,CF_PAZ)
VALUES (seq_intervento.NEXTVAL,to_date('15/02/2019 11:00:00','dd/mm/yyyy HH24:mi:ss'),to_date('16/02/2019 11:00:00','dd/mm/yyyy HH24:mi:ss'),'Asportazione',6,5,11,1000000002,'AAA0000000000018');
INSERT INTO INTERVENTO(ID_INTERVENTO,DATA_PREVISTA,DATA_EFFETTIVA,TIPO,DURATA_PREVISTA,DURATA_EFFETTIVA,NUM_SALA_OPERA,ID_RICOVERO,CF_PAZ)
VALUES (seq_intervento.NEXTVAL,to_date('03/03/2019 11:00:00','dd/mm/yyyy HH24:mi:ss'),to_date('05/03/2019 11:00:00','dd/mm/yyyy HH24:mi:ss'),'Asportazione',6,6,11,1000000003,'AAA0000000000019');
INSERT INTO INTERVENTO(ID_INTERVENTO,DATA_PREVISTA,DATA_EFFETTIVA,TIPO,DURATA_PREVISTA,DURATA_EFFETTIVA,NUM_SALA_OPERA,ID_RICOVERO,CF_PAZ)
VALUES (seq_intervento.NEXTVAL,to_date('11/03/2019 08:00:00','dd/mm/yyyy HH24:mi:ss'),to_date('11/03/2019 08:00:00','dd/mm/yyyy HH24:mi:ss'),'Cardioplegia',2,3,12,1000000004,'AAA0000000000020');
INSERT INTO INTERVENTO(ID_INTERVENTO,DATA_PREVISTA,DATA_EFFETTIVA,TIPO,DURATA_PREVISTA,DURATA_EFFETTIVA,NUM_SALA_OPERA,ID_RICOVERO,CF_PAZ)
VALUES (seq_intervento.NEXTVAL,to_date('11/03/2019 15:00:00','dd/mm/yyyy HH24:mi:ss'),to_date('12/03/2019 16:00:00','dd/mm/yyyy HH24:mi:ss'),'Cardioplegia',3,2,12,1000000005,'AAA0000000000021');
INSERT INTO INTERVENTO(ID_INTERVENTO,DATA_PREVISTA,DATA_EFFETTIVA,TIPO,DURATA_PREVISTA,DURATA_EFFETTIVA,NUM_SALA_OPERA,ID_RICOVERO,CF_PAZ)
VALUES (seq_intervento.NEXTVAL,to_date('11/03/2019 20:00:00','dd/mm/yyyy HH24:mi:ss'),to_date('13/03/2019 11:00:00','dd/mm/yyyy HH24:mi:ss'),'Cardioplegia',3,3,12,1000000005,'AAA0000000000021');
INSERT INTO INTERVENTO(ID_INTERVENTO,DATA_PREVISTA,DATA_EFFETTIVA,TIPO,DURATA_PREVISTA,DURATA_EFFETTIVA,NUM_SALA_OPERA,ID_RICOVERO,CF_PAZ)
VALUES (seq_intervento.NEXTVAL,to_date('25/03/2019 11:00:00','dd/mm/yyyy HH24:mi:ss'),to_date('25/03/2019 12:00:00','dd/mm/yyyy HH24:mi:ss'),'Cardiotomia',6,6,12,1000000006,'AAA0000000000022');
INSERT INTO INTERVENTO(ID_INTERVENTO,DATA_PREVISTA,DATA_EFFETTIVA,TIPO,DURATA_PREVISTA,DURATA_EFFETTIVA,NUM_SALA_OPERA,ID_RICOVERO,CF_PAZ)
VALUES (seq_intervento.NEXTVAL,to_date('01/04/2019 11:00:00','dd/mm/yyyy HH24:mi:ss'),to_date('01/04/2019 11:30:00','dd/mm/yyyy HH24:mi:ss'),'Drenaggio',6,5,13,1000000007,'AAA0000000000023');
INSERT INTO INTERVENTO(ID_INTERVENTO,DATA_PREVISTA,DATA_EFFETTIVA,TIPO,DURATA_PREVISTA,DURATA_EFFETTIVA,NUM_SALA_OPERA,ID_RICOVERO,CF_PAZ)
VALUES (seq_intervento.NEXTVAL,to_date('05/04/2019 11:00:00','dd/mm/yyyy HH24:mi:ss'),to_date('05/04/2019 11:00:00','dd/mm/yyyy HH24:mi:ss'),'Drenaggio',6,6,13,1000000008,'AAA0000000000024');
INSERT INTO INTERVENTO(ID_INTERVENTO,DATA_PREVISTA,DATA_EFFETTIVA,TIPO,DURATA_PREVISTA,DURATA_EFFETTIVA,NUM_SALA_OPERA,ID_RICOVERO,CF_PAZ)
VALUES (seq_intervento.NEXTVAL,to_date('10/04/2019 11:00:00','dd/mm/yyyy HH24:mi:ss'),to_date('11/04/2019 11:00:00','dd/mm/yyyy HH24:mi:ss'),'Drenaggio',5,5,13,1000000009,'AAA0000000000025');
INSERT INTO INTERVENTO(ID_INTERVENTO,DATA_PREVISTA,DATA_EFFETTIVA,TIPO,DURATA_PREVISTA,DURATA_EFFETTIVA,NUM_SALA_OPERA,ID_RICOVERO,CF_PAZ)
VALUES (seq_intervento.NEXTVAL,to_date('15/04/2019 11:00:00','dd/mm/yyyy HH24:mi:ss'),to_date('16/04/2019 11:00:00','dd/mm/yyyy HH24:mi:ss'),'Drenaggio',4,4,13,1000000010,'AAA0000000000026');
INSERT INTO INTERVENTO(ID_INTERVENTO,DATA_PREVISTA,DATA_EFFETTIVA,TIPO,DURATA_PREVISTA,DURATA_EFFETTIVA,NUM_SALA_OPERA,ID_RICOVERO,CF_PAZ)
VALUES (seq_intervento.NEXTVAL,to_date('20/04/2019 11:00:00','dd/mm/yyyy HH24:mi:ss'),to_date('21/04/2019 11:00:00','dd/mm/yyyy HH24:mi:ss'),'Gastrotomia',7,7,14,1000000011,'AAA0000000000027');
INSERT INTO INTERVENTO(ID_INTERVENTO,DATA_PREVISTA,DATA_EFFETTIVA,TIPO,DURATA_PREVISTA,DURATA_EFFETTIVA,NUM_SALA_OPERA,ID_RICOVERO,CF_PAZ)
VALUES (seq_intervento.NEXTVAL,to_date('25/04/2019 11:00:00','dd/mm/yyyy HH24:mi:ss'),to_date('26/04/2019 11:00:00','dd/mm/yyyy HH24:mi:ss'),'Anastomosi',8,9,14,1000000012,'AAA0000000000028');
INSERT INTO INTERVENTO(ID_INTERVENTO,DATA_PREVISTA,DATA_EFFETTIVA,TIPO,DURATA_PREVISTA,DURATA_EFFETTIVA,NUM_SALA_OPERA,ID_RICOVERO,CF_PAZ)
VALUES (seq_intervento.NEXTVAL,to_date('07/05/2019 11:00:00','dd/mm/yyyy HH24:mi:ss'),to_date('07/05/2019 11:05:00','dd/mm/yyyy HH24:mi:ss'),'Artroplastica',2,2,15,1000000013,'AAA0000000000029');

--DIETA
INSERT INTO DIETA(CODICE_DIETA,TIPO,KCAL,PROTEINE,GRASSI,CF_MED,ID_RICOVERO)
VALUES ('2000000001','Normoenergetica',1800,92,60,'AAA0000000000003',1000000001);
INSERT INTO DIETA(CODICE_DIETA,TIPO,KCAL,PROTEINE,GRASSI,CF_MED,ID_RICOVERO)
VALUES ('2000000002','Liquida',1800,92,60,'AAA0000000000003',1000000002);
INSERT INTO DIETA(CODICE_DIETA,TIPO,KCAL,PROTEINE,GRASSI,CF_MED,ID_RICOVERO)
VALUES ('2000000003','Liquida',1800,92,60,'AAA0000000000003',1000000003);
INSERT INTO DIETA(CODICE_DIETA,TIPO,KCAL,PROTEINE,GRASSI,CF_MED,ID_RICOVERO)
VALUES ('2000000004','Normoenergetica',1800,92,60,'AAA0000000000003',1000000004);
INSERT INTO DIETA(CODICE_DIETA,TIPO,KCAL,PROTEINE,GRASSI,CF_MED,ID_RICOVERO)
VALUES ('2000000005','Normoenergetica',1800,92,60,'AAA0000000000003',1000000005);
INSERT INTO DIETA(CODICE_DIETA,TIPO,KCAL,PROTEINE,GRASSI,CF_MED,ID_RICOVERO)
VALUES ('2000000006','Semiliquida',1800,92,60,'AAA0000000000003',1000000006);
INSERT INTO DIETA(CODICE_DIETA,TIPO,KCAL,PROTEINE,GRASSI,CF_MED,ID_RICOVERO)
VALUES ('2000000007','Semiliquida',1800,92,60,'AAA0000000000003',1000000007);
INSERT INTO DIETA(CODICE_DIETA,TIPO,KCAL,PROTEINE,GRASSI,CF_MED,ID_RICOVERO)
VALUES ('2000000008','Ipocalorica',1800,92,60,'AAA0000000000004',1000000008);
INSERT INTO DIETA(CODICE_DIETA,TIPO,KCAL,PROTEINE,GRASSI,CF_MED,ID_RICOVERO)
VALUES ('2000000009','Ipocalorica',1800,92,60,'AAA0000000000004',1000000009);
INSERT INTO DIETA(CODICE_DIETA,TIPO,KCAL,PROTEINE,GRASSI,CF_MED,ID_RICOVERO)
VALUES ('2000000010','Lipolipidica',1800,92,60,'AAA0000000000004',1000000010);
INSERT INTO DIETA(CODICE_DIETA,TIPO,KCAL,PROTEINE,GRASSI,CF_MED,ID_RICOVERO)
VALUES ('2000000011','Ipoproteica',1800,92,60,'AAA0000000000004',1000000011);
INSERT INTO DIETA(CODICE_DIETA,TIPO,KCAL,PROTEINE,GRASSI,CF_MED,ID_RICOVERO)
VALUES ('2000000012','Ipoproteica',1800,92,60,'AAA0000000000004',1000000012);
INSERT INTO DIETA(CODICE_DIETA,TIPO,KCAL,PROTEINE,GRASSI,CF_MED,ID_RICOVERO)
VALUES ('2000000013','Ipoproteica',1800,92,60,'AAA0000000000004',1000000013);
INSERT INTO DIETA(CODICE_DIETA,TIPO,KCAL,PROTEINE,GRASSI,CF_MED,ID_RICOVERO)
VALUES ('2000000014','Astringente',1800,92,60,'AAA0000000000004',1000000014);
INSERT INTO DIETA(CODICE_DIETA,TIPO,KCAL,PROTEINE,GRASSI,CF_MED,ID_RICOVERO)
VALUES ('2000000015','Astringente',1800,92,60,'AAA0000000000004',1000000015);
INSERT INTO DIETA(CODICE_DIETA,TIPO,KCAL,PROTEINE,GRASSI,CF_MED,ID_RICOVERO)
VALUES ('2000000016','Astringente',1800,92,60,'AAA0000000000004',1000000016);

--assiste
INSERT INTO assiste(CF_INF,ID_INTERVENTO)
VALUES ('CCC0000000000001',3000000001);
INSERT INTO assiste(CF_INF,ID_INTERVENTO)
VALUES ('CCC0000000000001',3000000002);
INSERT INTO assiste(CF_INF,ID_INTERVENTO)
VALUES ('CCC0000000000002',3000000003);
INSERT INTO assiste(CF_INF,ID_INTERVENTO)
VALUES ('CCC0000000000002',3000000004);
INSERT INTO assiste(CF_INF,ID_INTERVENTO)
VALUES ('CCC0000000000003',3000000005);
INSERT INTO assiste(CF_INF,ID_INTERVENTO)
VALUES ('CCC0000000000003',3000000006);
INSERT INTO assiste(CF_INF,ID_INTERVENTO)
VALUES ('CCC0000000000004',3000000007);
INSERT INTO assiste(CF_INF,ID_INTERVENTO)
VALUES ('CCC0000000000004',3000000008);
INSERT INTO assiste(CF_INF,ID_INTERVENTO)
VALUES ('CCC0000000000005',3000000009);
INSERT INTO assiste(CF_INF,ID_INTERVENTO)
VALUES ('CCC0000000000005',3000000010);
INSERT INTO assiste(CF_INF,ID_INTERVENTO)
VALUES ('CCC0000000000006',3000000011);
INSERT INTO assiste(CF_INF,ID_INTERVENTO)
VALUES ('CCC0000000000006',3000000012);
INSERT INTO assiste(CF_INF,ID_INTERVENTO)
VALUES ('CCC0000000000007',3000000013);
INSERT INTO assiste(CF_INF,ID_INTERVENTO)
VALUES ('CCC0000000000007',3000000014);
INSERT INTO assiste(CF_INF,ID_INTERVENTO)
VALUES ('CCC0000000000008',3000000015);
INSERT INTO assiste(CF_INF,ID_INTERVENTO)
VALUES ('CCC0000000000008',3000000016);

--effettua
INSERT INTO effettua(CF_MED,ID_INTERVENTO)
VALUES ('AAA0000000000009',3000000001);
INSERT INTO effettua(CF_MED,ID_INTERVENTO)
VALUES ('AAA0000000000010',3000000002);
INSERT INTO effettua(CF_MED,ID_INTERVENTO)
VALUES ('AAA0000000000010',3000000003);
INSERT INTO effettua(CF_MED,ID_INTERVENTO)
VALUES ('AAA0000000000010',3000000004);
INSERT INTO effettua(CF_MED,ID_INTERVENTO)
VALUES ('AAA0000000000010',3000000005);
INSERT INTO effettua(CF_MED,ID_INTERVENTO)
VALUES ('AAA0000000000010',3000000006);
INSERT INTO effettua(CF_MED,ID_INTERVENTO)
VALUES ('AAA0000000000012',3000000007);
INSERT INTO effettua(CF_MED,ID_INTERVENTO)
VALUES ('AAA0000000000012',3000000008);
INSERT INTO effettua(CF_MED,ID_INTERVENTO)
VALUES ('AAA0000000000013',3000000009);
INSERT INTO effettua(CF_MED,ID_INTERVENTO)
VALUES ('AAA0000000000013',3000000010);
INSERT INTO effettua(CF_MED,ID_INTERVENTO)
VALUES ('AAA0000000000013',3000000011);
INSERT INTO effettua(CF_MED,ID_INTERVENTO)
VALUES ('AAA0000000000013',3000000012);
INSERT INTO effettua(CF_MED,ID_INTERVENTO)
VALUES ('AAA0000000000016',3000000013);
INSERT INTO effettua(CF_MED,ID_INTERVENTO)
VALUES ('AAA0000000000016',3000000014);
INSERT INTO effettua(CF_MED,ID_INTERVENTO)
VALUES ('AAA0000000000016',3000000015);
INSERT INTO effettua(CF_MED,ID_INTERVENTO)
VALUES ('AAA0000000000016',3000000016);

--REPARTO
INSERT INTO REPARTO(N_PIANO,NOME_REPARTO,N_POSTI,N_STANZE)
VALUES (0,'Cardiologia',3,6);
INSERT INTO REPARTO(N_PIANO,NOME_REPARTO,N_POSTI,N_STANZE)
VALUES (0,'Anatomia e Istologia patologica',5,6);
INSERT INTO REPARTO(N_PIANO,NOME_REPARTO,N_POSTI,N_STANZE)
VALUES (1,'Anestesia e Rianimazione',6,6);
INSERT INTO REPARTO(N_PIANO,NOME_REPARTO,N_POSTI,N_STANZE)
VALUES (1,'Chirurgia',1,5);
INSERT INTO REPARTO(N_PIANO,NOME_REPARTO,N_POSTI,N_STANZE)
VALUES (1,'Oncologia',1,4);
INSERT INTO REPARTO(N_PIANO,NOME_REPARTO,N_POSTI,N_STANZE)
VALUES (2,'Gastroenterologia',2,5);
INSERT INTO REPARTO(N_PIANO,NOME_REPARTO,N_POSTI,N_STANZE)
VALUES (2,'Medicina Generale',5,6);
INSERT INTO REPARTO(N_PIANO,NOME_REPARTO,N_POSTI,N_STANZE)
VALUES (2,'Ortopedia e Traumatologia',5,6);
INSERT INTO REPARTO(N_PIANO,NOME_REPARTO,N_POSTI,N_STANZE)
VALUES (3,'Radiologia',5,6);
INSERT INTO REPARTO(N_PIANO,NOME_REPARTO,N_POSTI,N_STANZE)
VALUES (3,'Diabetologia',5,6);
INSERT INTO REPARTO(N_PIANO,NOME_REPARTO,N_POSTI,N_STANZE)
VALUES (3,'Geriatria',5,6);
INSERT INTO REPARTO(N_PIANO,NOME_REPARTO,N_POSTI,N_STANZE)
VALUES (4,'Medicina Interna',5,6);
INSERT INTO REPARTO(N_PIANO,NOME_REPARTO,N_POSTI,N_STANZE)
VALUES (4,'Neurologia',3,5);
INSERT INTO REPARTO(N_PIANO,NOME_REPARTO,N_POSTI,N_STANZE)
VALUES (4,'Pediatria',5,6);
INSERT INTO REPARTO(N_PIANO,NOME_REPARTO,N_POSTI,N_STANZE)
VALUES (5,'Urologia',5,6);
INSERT INTO REPARTO(N_PIANO,NOME_REPARTO,N_POSTI,N_STANZE)
VALUES (5,'Psichiatria',5,6);

--è tenuto
INSERT INTO e_tenuto(ID_RICOVERO,DATA_ORA,N_PIANO,NOME_REPARTO)
VALUES (1000000001,to_date('01/01/2019 09:00:00','dd/mm/yyyy HH24:mi:ss'),0,'Cardiologia');
INSERT INTO e_tenuto(ID_RICOVERO,DATA_ORA,N_PIANO,NOME_REPARTO)
VALUES (1000000002,to_date('10/01/2019 11:00:00','dd/mm/yyyy HH24:mi:ss'),0,'Anatomia e Istologia patologica');
INSERT INTO e_tenuto(ID_RICOVERO,DATA_ORA,N_PIANO,NOME_REPARTO)
VALUES (1000000003,to_date('12/01/2019 10:00:00','dd/mm/yyyy HH24:mi:ss'),1,'Anestesia e Rianimazione');
INSERT INTO e_tenuto(ID_RICOVERO,DATA_ORA,N_PIANO,NOME_REPARTO)
VALUES (1000000004,to_date('22/01/2019 13:00:00','dd/mm/yyyy HH24:mi:ss'),1,'Chirurgia');
INSERT INTO e_tenuto(ID_RICOVERO,DATA_ORA,N_PIANO,NOME_REPARTO)
VALUES (1000000005,to_date('01/02/2019 09:00:00','dd/mm/yyyy HH24:mi:ss'),1,'Oncologia');
INSERT INTO e_tenuto(ID_RICOVERO,DATA_ORA,N_PIANO,NOME_REPARTO)
VALUES (1000000006,to_date('13/02/2019 11:00:00','dd/mm/yyyy HH24:mi:ss'),2,'Gastroenterologia');
INSERT INTO e_tenuto(ID_RICOVERO,DATA_ORA,N_PIANO,NOME_REPARTO)
VALUES (1000000007,to_date('25/02/2019 14:00:00','dd/mm/yyyy HH24:mi:ss'),2,'Medicina Generale');
INSERT INTO e_tenuto(ID_RICOVERO,DATA_ORA,N_PIANO,NOME_REPARTO)
VALUES (1000000008,to_date('03/03/2019 10:00:00','dd/mm/yyyy HH24:mi:ss'),2,'Ortopedia e Traumatologia');
INSERT INTO e_tenuto(ID_RICOVERO,DATA_ORA,N_PIANO,NOME_REPARTO)
VALUES (1000000009,to_date('07/03/2019 15:00:00','dd/mm/yyyy HH24:mi:ss'),3,'Radiologia');
INSERT INTO e_tenuto(ID_RICOVERO,DATA_ORA,N_PIANO,NOME_REPARTO)
VALUES (1000000010,to_date('27/03/2019 08:00:00','dd/mm/yyyy HH24:mi:ss'),3,'Diabetologia');
INSERT INTO e_tenuto(ID_RICOVERO,DATA_ORA,N_PIANO,NOME_REPARTO)
VALUES (1000000011,to_date('11/04/2019 13:00:00','dd/mm/yyyy HH24:mi:ss'),3,'Geriatria');
INSERT INTO e_tenuto(ID_RICOVERO,DATA_ORA,N_PIANO,NOME_REPARTO)
VALUES (1000000012,to_date('01/05/2019 09:00:00','dd/mm/yyyy HH24:mi:ss'),4,'Medicina Interna');
INSERT INTO e_tenuto(ID_RICOVERO,DATA_ORA,N_PIANO,NOME_REPARTO)
VALUES (1000000013,to_date('02/05/2019 10:00:00','dd/mm/yyyy HH24:mi:ss'),4,'Neurologia');
INSERT INTO e_tenuto(ID_RICOVERO,DATA_ORA,N_PIANO,NOME_REPARTO)
VALUES (1000000014,to_date('02/05/2019 10:22:00','dd/mm/yyyy HH24:mi:ss'),4,'Pediatria');
INSERT INTO e_tenuto(ID_RICOVERO,DATA_ORA,N_PIANO,NOME_REPARTO)
VALUES (1000000015,to_date('21/05/2019 11:10:00','dd/mm/yyyy HH24:mi:ss'),5,'Urologia');
INSERT INTO e_tenuto(ID_RICOVERO,DATA_ORA,N_PIANO,NOME_REPARTO)
VALUES (1000000016,to_date('21/05/2019 11:11:00','dd/mm/yyyy HH24:mi:ss'),5,'Psichiatria');

--DIMISSIONE
--MOD_DIMISSIONE: da 0 (completamente autonomo) a 10 (completamente dipendente)
--CODICE_DIAGNOSI: da 100 a 110 (dove 100 indica completamente guarito)
INSERT INTO DIMISSIONE(ID_DIMISSIONE,DATA_ORA,CODICE_DIAGNOSI,MOD_DIMISSIONE,ID_RICOVERO)
VALUES (seq_dimissione.NEXTVAL,to_date('01/03/2019 11:00:00','dd/mm/yyyy HH24:mi:ss'),100,0,1000000001);
INSERT INTO DIMISSIONE(ID_DIMISSIONE,DATA_ORA,CODICE_DIAGNOSI,MOD_DIMISSIONE,ID_RICOVERO)
VALUES (seq_dimissione.NEXTVAL,to_date('11/03/2019 11:00:00','dd/mm/yyyy HH24:mi:ss'),100,1,1000000002);
INSERT INTO DIMISSIONE(ID_DIMISSIONE,DATA_ORA,CODICE_DIAGNOSI,MOD_DIMISSIONE,ID_RICOVERO)
VALUES (seq_dimissione.NEXTVAL,to_date('11/03/2019 11:10:00','dd/mm/yyyy HH24:mi:ss'),100,2,1000000003);
INSERT INTO DIMISSIONE(ID_DIMISSIONE,DATA_ORA,CODICE_DIAGNOSI,MOD_DIMISSIONE,ID_RICOVERO)
VALUES (seq_dimissione.NEXTVAL,to_date('22/04/2019 13:00:00','dd/mm/yyyy HH24:mi:ss'),101,3,1000000004);
INSERT INTO DIMISSIONE(ID_DIMISSIONE,DATA_ORA,CODICE_DIAGNOSI,MOD_DIMISSIONE,ID_RICOVERO)
VALUES (seq_dimissione.NEXTVAL,to_date('25/04/2019 12:00:00','dd/mm/yyyy HH24:mi:ss'),102,4,1000000005);
INSERT INTO DIMISSIONE(ID_DIMISSIONE,DATA_ORA,CODICE_DIAGNOSI,MOD_DIMISSIONE,ID_RICOVERO)
VALUES (seq_dimissione.NEXTVAL,to_date('25/04/2019 13:00:00','dd/mm/yyyy HH24:mi:ss'),103,5,1000000006);
INSERT INTO DIMISSIONE(ID_DIMISSIONE,DATA_ORA,CODICE_DIAGNOSI,MOD_DIMISSIONE,ID_RICOVERO)
VALUES (seq_dimissione.NEXTVAL,to_date('27/05/2019 09:00:00','dd/mm/yyyy HH24:mi:ss'),104,6,1000000007);
INSERT INTO DIMISSIONE(ID_DIMISSIONE,DATA_ORA,CODICE_DIAGNOSI,MOD_DIMISSIONE,ID_RICOVERO)
VALUES (seq_dimissione.NEXTVAL,to_date('27/05/2019 10:00:00','dd/mm/yyyy HH24:mi:ss'),105,7,1000000008);
INSERT INTO DIMISSIONE(ID_DIMISSIONE,DATA_ORA,CODICE_DIAGNOSI,MOD_DIMISSIONE,ID_RICOVERO)
VALUES (seq_dimissione.NEXTVAL,to_date('07/06/2019 09:00:00','dd/mm/yyyy HH24:mi:ss'),106,8,1000000009);
INSERT INTO DIMISSIONE(ID_DIMISSIONE,DATA_ORA,CODICE_DIAGNOSI,MOD_DIMISSIONE,ID_RICOVERO)
VALUES (seq_dimissione.NEXTVAL,to_date('07/06/2019 09:05:00','dd/mm/yyyy HH24:mi:ss'),107,9,1000000010);
INSERT INTO DIMISSIONE(ID_DIMISSIONE,DATA_ORA,CODICE_DIAGNOSI,MOD_DIMISSIONE,ID_RICOVERO)
VALUES (seq_dimissione.NEXTVAL,to_date('10/06/2019 10:00:00','dd/mm/yyyy HH24:mi:ss'),108,10,1000000011);
INSERT INTO DIMISSIONE(ID_DIMISSIONE,DATA_ORA,CODICE_DIAGNOSI,MOD_DIMISSIONE,ID_RICOVERO)
VALUES (seq_dimissione.NEXTVAL,to_date('11/06/2019 11:00:00','dd/mm/yyyy HH24:mi:ss'),109,1,1000000012);
INSERT INTO DIMISSIONE(ID_DIMISSIONE,DATA_ORA,CODICE_DIAGNOSI,MOD_DIMISSIONE,ID_RICOVERO)
VALUES (seq_dimissione.NEXTVAL,to_date('12/06/2019 15:00:00','dd/mm/yyyy HH24:mi:ss'),110,4,1000000013);
INSERT INTO DIMISSIONE(ID_DIMISSIONE,DATA_ORA,CODICE_DIAGNOSI,MOD_DIMISSIONE,ID_RICOVERO)
VALUES (seq_dimissione.NEXTVAL,to_date('01/07/2019 09:00:00','dd/mm/yyyy HH24:mi:ss'),104,2,1000000014);
INSERT INTO DIMISSIONE(ID_DIMISSIONE,DATA_ORA,CODICE_DIAGNOSI,MOD_DIMISSIONE,ID_RICOVERO)
VALUES (seq_dimissione.NEXTVAL,to_date('01/07/2019 10:00:00','dd/mm/yyyy HH24:mi:ss'),105,8,1000000015);
INSERT INTO DIMISSIONE(ID_DIMISSIONE,DATA_ORA,CODICE_DIAGNOSI,MOD_DIMISSIONE,ID_RICOVERO)
VALUES (seq_dimissione.NEXTVAL,to_date('02/07/2019 13:00:00','dd/mm/yyyy HH24:mi:ss'),110,7,1000000016);

--CARTELLA CLINICA
INSERT INTO CARTELLA_CLINICA (CODICE_CC, SINTOMO, ID_RICOVERO)
VALUES ('CC00000001', 'Febbre', 1000000001);
INSERT INTO CARTELLA_CLINICA (CODICE_CC, SINTOMO, ID_RICOVERO)
VALUES ('CC00000002', 'Stitichezza', 1000000002);
INSERT INTO CARTELLA_CLINICA (CODICE_CC, SINTOMO, ID_RICOVERO)
VALUES ('CC00000003', 'Nausea', 1000000003);
INSERT INTO CARTELLA_CLINICA (CODICE_CC, SINTOMO, ID_RICOVERO)
VALUES ('CC00000004', 'Dolori addominali', 1000000004);
INSERT INTO CARTELLA_CLINICA (CODICE_CC, SINTOMO, ID_RICOVERO)
VALUES ('CC00000005', 'Infiammazione', 1000000005);
INSERT INTO CARTELLA_CLINICA (CODICE_CC, SINTOMO, ID_RICOVERO)
VALUES ('CC00000006', 'Febbre', 1000000006);
INSERT INTO CARTELLA_CLINICA (CODICE_CC, SINTOMO, ID_RICOVERO)
VALUES ('CC00000007', 'Vomito', 1000000007);
INSERT INTO CARTELLA_CLINICA (CODICE_CC, SINTOMO, ID_RICOVERO)
VALUES ('CC00000008', 'Gonfiore', 1000000008);
INSERT INTO CARTELLA_CLINICA (CODICE_CC, SINTOMO, ID_RICOVERO)
VALUES ('CC00000009', 'Tosse', 1000000009);
INSERT INTO CARTELLA_CLINICA (CODICE_CC, SINTOMO, ID_RICOVERO)
VALUES ('CC00000010', 'Febbre', 1000000010);
INSERT INTO CARTELLA_CLINICA (CODICE_CC, SINTOMO, ID_RICOVERO)
VALUES ('CC00000011', 'Stanchezza', 1000000011);
INSERT INTO CARTELLA_CLINICA (CODICE_CC, SINTOMO, ID_RICOVERO)
VALUES ('CC00000012', 'Nausea', 1000000012);
INSERT INTO CARTELLA_CLINICA (CODICE_CC, SINTOMO, ID_RICOVERO)
VALUES ('CC00000013', 'Dolori addominali', 1000000013);
INSERT INTO CARTELLA_CLINICA (CODICE_CC, SINTOMO, ID_RICOVERO)
VALUES ('CC00000014', 'Vomito', 1000000014);
INSERT INTO CARTELLA_CLINICA (CODICE_CC, SINTOMO, ID_RICOVERO)
VALUES ('CC00000015', 'Diarrea', 1000000015);
INSERT INTO CARTELLA_CLINICA (CODICE_CC, SINTOMO, ID_RICOVERO)
VALUES ('CC00000016', 'Infiammazione', 1000000016);

--CARTELLA_INFERMIERISTICA
INSERT INTO CARTELLA_INFERMIERISTICA(COD_CART_INF, ID_RICOVERO) VALUES ('CI77277340', 1000000001);
INSERT INTO CARTELLA_INFERMIERISTICA(COD_CART_INF, ID_RICOVERO) VALUES ('CI61623100', 1000000002);
INSERT INTO CARTELLA_INFERMIERISTICA(COD_CART_INF, ID_RICOVERO) VALUES ('CI72962004', 1000000003);
INSERT INTO CARTELLA_INFERMIERISTICA(COD_CART_INF, ID_RICOVERO) VALUES ('CI32604765', 1000000004);
INSERT INTO CARTELLA_INFERMIERISTICA(COD_CART_INF, ID_RICOVERO) VALUES ('CI96389296', 1000000005);
INSERT INTO CARTELLA_INFERMIERISTICA(COD_CART_INF, ID_RICOVERO) VALUES ('CI23839509', 1000000006);
INSERT INTO CARTELLA_INFERMIERISTICA(COD_CART_INF, ID_RICOVERO) VALUES ('CI79295765', 1000000007);
INSERT INTO CARTELLA_INFERMIERISTICA(COD_CART_INF, ID_RICOVERO) VALUES ('CI09046850', 1000000008);
INSERT INTO CARTELLA_INFERMIERISTICA(COD_CART_INF, ID_RICOVERO) VALUES ('CI56803711', 1000000009);
INSERT INTO CARTELLA_INFERMIERISTICA(COD_CART_INF, ID_RICOVERO) VALUES ('CI29105743', 1000000010);
INSERT INTO CARTELLA_INFERMIERISTICA(COD_CART_INF, ID_RICOVERO) VALUES ('CI27001463', 1000000011);
INSERT INTO CARTELLA_INFERMIERISTICA(COD_CART_INF, ID_RICOVERO) VALUES ('CI31820930', 1000000012);
INSERT INTO CARTELLA_INFERMIERISTICA(COD_CART_INF, ID_RICOVERO) VALUES ('CI72884323', 1000000013);
INSERT INTO CARTELLA_INFERMIERISTICA(COD_CART_INF, ID_RICOVERO) VALUES ('CI81879778', 1000000014);
INSERT INTO CARTELLA_INFERMIERISTICA(COD_CART_INF, ID_RICOVERO) VALUES ('CI96259553', 1000000015);
INSERT INTO CARTELLA_INFERMIERISTICA(COD_CART_INF, ID_RICOVERO) VALUES ('CI78478268', 1000000016);

COMMIT;