--VISITA

INSERT INTO VISITA (DATA_ORA_PREVISTA, DATA_ORA_EFFETTIVA, TIPO_VISITA, CF_PAZ, CF_MED, ID_RICOVERO)
VALUES (to_date('10/07/2019 10:00','dd/mm/yyyy hh24:mi'), to_date('10/07/2019 10:12','dd/mm/yyyy hh24:mi'), 'Neurologica', 'AAA0000000000021', 'AAA0000000000012', 1000000001);

INSERT INTO VISITA (DATA_ORA_PREVISTA, DATA_ORA_EFFETTIVA, TIPO_VISITA, CF_PAZ, CF_MED, ID_RICOVERO)
VALUES (to_date('10/07/2019 11:00','dd/mm/yyyy hh24:mi'), to_date('10/07/2019 11:20','dd/mm/yyyy hh24:mi'), 'Cardiologica', 'AAA0000000000023', 'AAA0000000000005',1000000003);

INSERT INTO VISITA (DATA_ORA_PREVISTA, DATA_ORA_EFFETTIVA, TIPO_VISITA, CF_PAZ, CF_MED, ID_RICOVERO)
VALUES (to_date('10/07/2019 12:00','dd/mm/yyyy hh24:mi'), to_date('10/07/2019 12:44','dd/mm/yyyy hh24:mi'), 'Neurologica', 'AAA0000000000021', 'AAA0000000000008',1000000001);

INSERT INTO VISITA (DATA_ORA_PREVISTA, DATA_ORA_EFFETTIVA, TIPO_VISITA, CF_PAZ, CF_MED, ID_RICOVERO)
VALUES (to_date('10/07/2019 13:10','dd/mm/yyyy hh24:mi'), to_date('10/07/2019 14:39','dd/mm/yyyy hh24:mi'), 'Fisiatrica', 'AAA0000000000022', 'AAA0000000000008',1000000002);

INSERT INTO VISITA (DATA_ORA_PREVISTA, DATA_ORA_EFFETTIVA, TIPO_VISITA, CF_PAZ, CF_MED, ID_RICOVERO)
VALUES (to_date('11/07/2019 10:00','dd/mm/yyyy hh24:mi'), to_date('10/07/2019 10:12','dd/mm/yyyy hh24:mi'), 'Neurologica', 'AAA0000000000018', 'AAA0000000000001',1000000008);

INSERT INTO VISITA (DATA_ORA_PREVISTA, DATA_ORA_EFFETTIVA, TIPO_VISITA, CF_PAZ, CF_MED, ID_RICOVERO)
VALUES (to_date('11/07/2019 8:30','dd/mm/yyyy hh24:mi'), to_date('12/07/2019 10:50','dd/mm/yyyy hh24:mi'), 'Generica', 'AAA0000000000021', 'AAA0000000000015',1000000001);

INSERT INTO VISITA (DATA_ORA_PREVISTA, DATA_ORA_EFFETTIVA, TIPO_VISITA, CF_PAZ, CF_MED, ID_RICOVERO)
VALUES (to_date('11/07/2019 9:00','dd/mm/yyyy hh24:mi'), to_date('12/07/2019 9:05','dd/mm/yyyy hh24:mi'), 'Neurologica', 'AAA0000000000025', 'AAA0000000000003',1000000005);

INSERT INTO VISITA (DATA_ORA_PREVISTA, DATA_ORA_EFFETTIVA, TIPO_VISITA, CF_PAZ, CF_MED, ID_RICOVERO)
VALUES (to_date('11/07/2019 14:00','dd/mm/yyyy hh24:mi'), to_date('12/07/2019 14:14','dd/mm/yyyy hh24:mi'), 'Dietologica', 'AAA0000000000030', 'AAA0000000000007',1000000013);

INSERT INTO VISITA (DATA_ORA_PREVISTA, DATA_ORA_EFFETTIVA, TIPO_VISITA, CF_PAZ, CF_MED, ID_RICOVERO)
VALUES (to_date('12/07/2019 9:30','dd/mm/yyyy hh24:mi'), to_date('12/07/2019 15:47','dd/mm/yyyy hh24:mi'), 'Dietologica', 'AAA0000000000026', 'AAA0000000000007',1000000006);

INSERT INTO VISITA (DATA_ORA_PREVISTA, DATA_ORA_EFFETTIVA, TIPO_VISITA, CF_PAZ, CF_MED, ID_RICOVERO)
VALUES (to_date('12/07/2019 10:00','dd/mm/yyyy hh24:mi'), to_date('12/07/2019 16:29','dd/mm/yyyy hh24:mi'), 'Geriatrica', 'AAA0000000000027', 'AAA0000000000016',1000000007);

INSERT INTO VISITA (DATA_ORA_PREVISTA, DATA_ORA_EFFETTIVA, TIPO_VISITA, CF_PAZ, CF_MED, ID_RICOVERO)
VALUES (to_date('15/07/2019 7:00','dd/mm/yyyy hh24:mi'), to_date('15/07/2019 7:04','dd/mm/yyyy hh24:mi'), 'Generica', 'AAA0000000000028', 'AAA0000000000002',1000000008);

INSERT INTO VISITA (DATA_ORA_PREVISTA, DATA_ORA_EFFETTIVA, TIPO_VISITA, CF_PAZ, CF_MED, ID_RICOVERO)
VALUES (to_date('15/07/2019 8:20','dd/mm/yyyy hh24:mi'), to_date('15/07/2019 8:33','dd/mm/yyyy hh24:mi'), 'Fisiatrica', 'AAA0000000000024', 'AAA0000000000004',1000000014);

INSERT INTO VISITA (DATA_ORA_PREVISTA, DATA_ORA_EFFETTIVA, TIPO_VISITA, CF_PAZ, CF_MED, ID_RICOVERO)
VALUES (to_date('15/07/2019 10:00','dd/mm/yyyy hh24:mi'), to_date('15/07/2019 10:02','dd/mm/yyyy hh24:mi'), 'Dietologica', 'AAA0000000000020', 'AAA0000000000012',1000000010);

INSERT INTO VISITA (DATA_ORA_PREVISTA, DATA_ORA_EFFETTIVA, TIPO_VISITA, CF_PAZ, CF_MED, ID_RICOVERO)
VALUES (to_date('15/07/2019 10:50','dd/mm/yyyy hh24:mi'), to_date('15/07/2019 11:09','dd/mm/yyyy hh24:mi'), 'Cardiologica', 'AAA0000000000021', 'AAA0000000000009',1000000001);

INSERT INTO VISITA (DATA_ORA_PREVISTA, DATA_ORA_EFFETTIVA, TIPO_VISITA, CF_PAZ, CF_MED, ID_RICOVERO)
VALUES (to_date('16/07/2019 12:10','dd/mm/yyyy hh24:mi'), to_date('15/07/2019 12:17','dd/mm/yyyy hh24:mi'), 'Generica', 'AAA0000000000029', 'AAA0000000000014',1000000015);

INSERT INTO VISITA (DATA_ORA_PREVISTA, DATA_ORA_EFFETTIVA, TIPO_VISITA, CF_PAZ, CF_MED, ID_RICOVERO)
VALUES (to_date('16/07/2019 14:30','dd/mm/yyyy hh24:mi'), to_date('15/07/2019 16:55','dd/mm/yyyy hh24:mi'), 'Fisiatrica', 'AAA0000000000032', 'AAA0000000000008',1000000016);



--HA

INSERT INTO ha_M (CODICE_CC, CF_MED)
VALUES ('CC00000001', 'AAA0000000000003');

INSERT INTO ha_M (CODICE_CC, CF_MED)
VALUES ('CC00000002', 'AAA0000000000003');

INSERT INTO ha_M (CODICE_CC, CF_MED)
VALUES ('CC00000003', 'AAA0000000000005');

INSERT INTO ha_M (CODICE_CC, CF_MED)
VALUES ('CC00000004', 'AAA0000000000008');

INSERT INTO ha_M (CODICE_CC, CF_MED)
VALUES ('CC00000005', 'AAA0000000000008');

INSERT INTO ha_M (CODICE_CC, CF_MED)
VALUES ('CC00000006', 'AAA0000000000009');

INSERT INTO ha_M (CODICE_CC, CF_MED)
VALUES ('CC00000007', 'AAA0000000000010');

INSERT INTO ha_M (CODICE_CC, CF_MED)
VALUES ('CC00000008', 'AAA0000000000011');

INSERT INTO ha_M (CODICE_CC, CF_MED)
VALUES ('CC00000009', 'AAA0000000000011');

INSERT INTO ha_M (CODICE_CC, CF_MED)
VALUES ('CC00000010', 'AAA0000000000011');

INSERT INTO ha_M (CODICE_CC, CF_MED)
VALUES ('CC00000011', 'AAA0000000000012');

INSERT INTO ha_M (CODICE_CC, CF_MED)
VALUES ('CC00000012', 'AAA0000000000014');

INSERT INTO ha_M (CODICE_CC, CF_MED)
VALUES ('CC00000013', 'AAA0000000000015');

INSERT INTO ha_M (CODICE_CC, CF_MED)
VALUES ('CC00000014', 'AAA0000000000015');

INSERT INTO ha_M (CODICE_CC, CF_MED)
VALUES ('CC00000015', 'AAA0000000000016');

INSERT INTO ha_M (CODICE_CC, CF_MED)
VALUES ('CC00000016', 'AAA0000000000016');



--DIARIO CLINICO

INSERT INTO DIARIO_CLINICO (DATA_ORA, CODICE_CC)
VALUES (to_date('01/01/2019 1:00','dd/mm/yyyy hh24:mi'), 'CC00000001');

INSERT INTO DIARIO_CLINICO (DATA_ORA, CODICE_CC)
VALUES (to_date('01/01/2019 1:30','dd/mm/yyyy hh24:mi'), 'CC00000002');

INSERT INTO DIARIO_CLINICO (DATA_ORA, CODICE_CC)
VALUES (to_date('02/01/2019 10:00','dd/mm/yyyy hh24:mi'), 'CC00000003');

INSERT INTO DIARIO_CLINICO (DATA_ORA, CODICE_CC)
VALUES (to_date('02/01/2019 14:19','dd/mm/yyyy hh24:mi'), 'CC00000004');

INSERT INTO DIARIO_CLINICO (DATA_ORA, CODICE_CC)
VALUES (to_date('03/01/2019 17:20','dd/mm/yyyy hh24:mi'), 'CC00000005');

INSERT INTO DIARIO_CLINICO (DATA_ORA, CODICE_CC)
VALUES (to_date('06/01/2019 10:11','dd/mm/yyyy hh24:mi'), 'CC00000006');

INSERT INTO DIARIO_CLINICO (DATA_ORA, CODICE_CC)
VALUES (to_date('10/01/2019 12:30','dd/mm/yyyy hh24:mi'), 'CC00000007');

INSERT INTO DIARIO_CLINICO (DATA_ORA, CODICE_CC)
VALUES (to_date('11/01/2019 01:20','dd/mm/yyyy hh24:mi'), 'CC00000008');

INSERT INTO DIARIO_CLINICO (DATA_ORA, CODICE_CC)
VALUES (to_date('25/01/2019 5:23','dd/mm/yyyy hh24:mi'), 'CC00000009');

INSERT INTO DIARIO_CLINICO (DATA_ORA, CODICE_CC)
VALUES (to_date('26/01/2019 19:30','dd/mm/yyyy hh24:mi'), 'CC00000010');

INSERT INTO DIARIO_CLINICO (DATA_ORA, CODICE_CC)
VALUES (to_date('30/01/2019 23:55','dd/mm/yyyy hh24:mi'), 'CC00000011');

INSERT INTO DIARIO_CLINICO (DATA_ORA, CODICE_CC)
VALUES (to_date('03/02/2019 22:17','dd/mm/yyyy hh24:mi'), 'CC00000012');

INSERT INTO DIARIO_CLINICO (DATA_ORA, CODICE_CC)
VALUES (to_date('05/02/2019 13:47','dd/mm/yyyy hh24:mi'), 'CC00000013');

INSERT INTO DIARIO_CLINICO (DATA_ORA, CODICE_CC)
VALUES (to_date('12/02/2019 7:20','dd/mm/yyyy hh24:mi'), 'CC00000014');

INSERT INTO DIARIO_CLINICO (DATA_ORA, CODICE_CC)
VALUES (to_date('12/02/2019 10:41','dd/mm/yyyy hh24:mi'), 'CC00000015');

INSERT INTO DIARIO_CLINICO (DATA_ORA, CODICE_CC)
VALUES (to_date('01/03/2019 21:32','dd/mm/yyyy hh24:mi'), 'CC00000016');



--FOGLIO FISIOTERAPIA

INSERT INTO FOGLIO_FISIOTERAPIA (DATA_ORA, RINF_MUSC, ELETTR_MUSC, DEAMBULAZIONE, CF_FISIOTERAPISTA, CODICE_CC)
VALUES(to_date('01/01/2019 9:00','dd/mm/yyyy hh24:mi'), 8, 7, 9, 'BBB0000000000001', 'CC00000001');

INSERT INTO FOGLIO_FISIOTERAPIA (DATA_ORA, RINF_MUSC, ELETTR_MUSC, DEAMBULAZIONE, CF_FISIOTERAPISTA, CODICE_CC)
VALUES(to_date('01/01/2019 9:30','dd/mm/yyyy hh24:mi'), 5, 1, 2, 'BBB0000000000002', 'CC00000002');

INSERT INTO FOGLIO_FISIOTERAPIA (DATA_ORA, RINF_MUSC, ELETTR_MUSC, DEAMBULAZIONE, CF_FISIOTERAPISTA, CODICE_CC)
VALUES(to_date('02/01/2019 12:00','dd/mm/yyyy hh24:mi'), 6, 6, 6, 'BBB0000000000003', 'CC00000003');

INSERT INTO FOGLIO_FISIOTERAPIA (DATA_ORA, RINF_MUSC, ELETTR_MUSC, DEAMBULAZIONE, CF_FISIOTERAPISTA, CODICE_CC)
VALUES(to_date('02/01/2019 16:22','dd/mm/yyyy hh24:mi'), 3, 10, 9, 'BBB0000000000004', 'CC00000004');

INSERT INTO FOGLIO_FISIOTERAPIA (DATA_ORA, RINF_MUSC, ELETTR_MUSC, DEAMBULAZIONE, CF_FISIOTERAPISTA, CODICE_CC)
VALUES(to_date('03/01/2019 21:52','dd/mm/yyyy hh24:mi'), 1, 1, 4, 'BBB0000000000005', 'CC00000005');

INSERT INTO FOGLIO_FISIOTERAPIA (DATA_ORA, RINF_MUSC, ELETTR_MUSC, DEAMBULAZIONE, CF_FISIOTERAPISTA, CODICE_CC)
VALUES(to_date('06/01/2019 11:34','dd/mm/yyyy hh24:mi'), 6, 7, 5, 'BBB0000000000006', 'CC00000006');

INSERT INTO FOGLIO_FISIOTERAPIA (DATA_ORA, RINF_MUSC, ELETTR_MUSC, DEAMBULAZIONE, CF_FISIOTERAPISTA, CODICE_CC)
VALUES(to_date('10/01/2019 15:25','dd/mm/yyyy hh24:mi'), 8, 10, 10, 'BBB0000000000007', 'CC00000007');

INSERT INTO FOGLIO_FISIOTERAPIA (DATA_ORA, RINF_MUSC, ELETTR_MUSC, DEAMBULAZIONE, CF_FISIOTERAPISTA, CODICE_CC)
VALUES(to_date('11/01/2019 8:30','dd/mm/yyyy hh24:mi'), 7, 3, 4, 'BBB0000000000008', 'CC00000008');

INSERT INTO FOGLIO_FISIOTERAPIA (DATA_ORA, RINF_MUSC, ELETTR_MUSC, DEAMBULAZIONE, CF_FISIOTERAPISTA, CODICE_CC)
VALUES(to_date('25/01/2019 13:45','dd/mm/yyyy hh24:mi'), 4, 7, 10, 'BBB0000000000009', 'CC00000009');

INSERT INTO FOGLIO_FISIOTERAPIA (DATA_ORA, RINF_MUSC, ELETTR_MUSC, DEAMBULAZIONE, CF_FISIOTERAPISTA, CODICE_CC)
VALUES(to_date('27/01/2019 7:00','dd/mm/yyyy hh24:mi'), 10, 10, 10, 'BBB0000000000010', 'CC00000010');

INSERT INTO FOGLIO_FISIOTERAPIA (DATA_ORA, RINF_MUSC, ELETTR_MUSC, DEAMBULAZIONE, CF_FISIOTERAPISTA, CODICE_CC)
VALUES(to_date('31/01/2019 7:00','dd/mm/yyyy hh24:mi'), 2, 4, 2, 'BBB0000000000011', 'CC00000011');

INSERT INTO FOGLIO_FISIOTERAPIA (DATA_ORA, RINF_MUSC, ELETTR_MUSC, DEAMBULAZIONE, CF_FISIOTERAPISTA, CODICE_CC)
VALUES(to_date('04/02/2019 8:22','dd/mm/yyyy hh24:mi'), 8, 3, 6, 'BBB0000000000012', 'CC00000012');

INSERT INTO FOGLIO_FISIOTERAPIA (DATA_ORA, RINF_MUSC, ELETTR_MUSC, DEAMBULAZIONE, CF_FISIOTERAPISTA, CODICE_CC)
VALUES(to_date('05/02/2019 19:15','dd/mm/yyyy hh24:mi'), 7, 6, 10, 'BBB0000000000013', 'CC00000013');

INSERT INTO FOGLIO_FISIOTERAPIA (DATA_ORA, RINF_MUSC, ELETTR_MUSC, DEAMBULAZIONE, CF_FISIOTERAPISTA, CODICE_CC)
VALUES(to_date('12/02/2019 11:38','dd/mm/yyyy hh24:mi'), 5, 10, 9, 'BBB0000000000014', 'CC00000014');

INSERT INTO FOGLIO_FISIOTERAPIA (DATA_ORA, RINF_MUSC, ELETTR_MUSC, DEAMBULAZIONE, CF_FISIOTERAPISTA, CODICE_CC)
VALUES(to_date('12/02/2019 12:54','dd/mm/yyyy hh24:mi'), 7, 3, 2, 'BBB0000000000015', 'CC00000015');

INSERT INTO FOGLIO_FISIOTERAPIA (DATA_ORA, RINF_MUSC, ELETTR_MUSC, DEAMBULAZIONE, CF_FISIOTERAPISTA, CODICE_CC)
VALUES(to_date('02/03/2019 7:25','dd/mm/yyyy hh24:mi'), 2, 0, 1, 'BBB0000000000016', 'CC00000016');



--ANALISI

INSERT INTO ANALISI (DATA_ORA_PRELIEVO, GLUCOSIO, CLORO, POTASSIO, SODIO, CODICE_CC)
VALUES(to_date('01/01/2019 9:30','dd/mm/yyyy hh24:mi'), 30, 45, 62, 99, 'CC00000001');

INSERT INTO ANALISI (DATA_ORA_PRELIEVO, GLUCOSIO, CLORO, POTASSIO, SODIO, CODICE_CC)
VALUES(to_date('01/01/2019 10:00','dd/mm/yyyy hh24:mi'), 77, 25, 56, 23, 'CC00000002');

INSERT INTO ANALISI (DATA_ORA_PRELIEVO, GLUCOSIO, CLORO, POTASSIO, SODIO, CODICE_CC)
VALUES(to_date('02/01/2019 12:30','dd/mm/yyyy hh24:mi'), 57, 70, 44, 21, 'CC00000003');

INSERT INTO ANALISI (DATA_ORA_PRELIEVO, GLUCOSIO, CLORO, POTASSIO, SODIO, CODICE_CC)
VALUES(to_date('02/01/2019 16:50','dd/mm/yyyy hh24:mi'), 83, 62, 37, 95, 'CC00000004');

INSERT INTO ANALISI (DATA_ORA_PRELIEVO, GLUCOSIO, CLORO, POTASSIO, SODIO, CODICE_CC)
VALUES(to_date('03/01/2019 22:10','dd/mm/yyyy hh24:mi'), 69, 87, 15, 42, 'CC00000005');

INSERT INTO ANALISI (DATA_ORA_PRELIEVO, GLUCOSIO, CLORO, POTASSIO, SODIO, CODICE_CC)
VALUES(to_date('06/01/2019 12:04','dd/mm/yyyy hh24:mi'), 78, 89, 86, 92, 'CC00000006');

INSERT INTO ANALISI (DATA_ORA_PRELIEVO, GLUCOSIO, CLORO, POTASSIO, SODIO, CODICE_CC)
VALUES(to_date('10/01/2019 15:55','dd/mm/yyyy hh24:mi'), 47, 20, 10, 4, 'CC00000007');

INSERT INTO ANALISI (DATA_ORA_PRELIEVO, GLUCOSIO, CLORO, POTASSIO, SODIO, CODICE_CC)
VALUES(to_date('11/01/2019 9:00','dd/mm/yyyy hh24:mi'), 64, 45, 34, 32, 'CC00000008');

INSERT INTO ANALISI (DATA_ORA_PRELIEVO, GLUCOSIO, CLORO, POTASSIO, SODIO, CODICE_CC)
VALUES(to_date('25/01/2019 14:05','dd/mm/yyyy hh24:mi'), 72, 41, 69, 77, 'CC00000009');

INSERT INTO ANALISI (DATA_ORA_PRELIEVO, GLUCOSIO, CLORO, POTASSIO, SODIO, CODICE_CC)
VALUES(to_date('27/01/2019 7:30','dd/mm/yyyy hh24:mi'), 23, 58, 90, 61, 'CC00000010');

INSERT INTO ANALISI (DATA_ORA_PRELIEVO, GLUCOSIO, CLORO, POTASSIO, SODIO, CODICE_CC)
VALUES(to_date('31/01/2019 7:30','dd/mm/yyyy hh24:mi'), 78, 94, 52, 61, 'CC00000011');

INSERT INTO ANALISI (DATA_ORA_PRELIEVO, GLUCOSIO, CLORO, POTASSIO, SODIO, CODICE_CC)
VALUES(to_date('04/02/2019 8:52','dd/mm/yyyy hh24:mi'), 53, 75, 50, 21, 'CC00000012');

INSERT INTO ANALISI (DATA_ORA_PRELIEVO, GLUCOSIO, CLORO, POTASSIO, SODIO, CODICE_CC)
VALUES(to_date('05/02/2019 19:45','dd/mm/yyyy hh24:mi'), 42, 11, 72, 39, 'CC00000013');

INSERT INTO ANALISI (DATA_ORA_PRELIEVO, GLUCOSIO, CLORO, POTASSIO, SODIO, CODICE_CC)
VALUES(to_date('12/02/2019 11:58','dd/mm/yyyy hh24:mi'), 9, 56, 81, 43, 'CC00000014');

INSERT INTO ANALISI (DATA_ORA_PRELIEVO, GLUCOSIO, CLORO, POTASSIO, SODIO, CODICE_CC)
VALUES(to_date('12/02/2019 13:24','dd/mm/yyyy hh24:mi'), 64, 70, 81, 65, 'CC00000015');

INSERT INTO ANALISI (DATA_ORA_PRELIEVO, GLUCOSIO, CLORO, POTASSIO, SODIO, CODICE_CC)
VALUES(to_date('02/03/2019 7:55','dd/mm/yyyy hh24:mi'), 29, 31, 30, 52, 'CC00000016');



--ESAMI

INSERT INTO ESAMI (DATA_ORA, TIPO_ESAME, ESITO, CODICE_CC)
VALUES(to_date('01/01/2019 9:30','dd/mm/yyyy hh24:mi'), 'Radiografia', 0, 'CC00000001');

INSERT INTO ESAMI (DATA_ORA, TIPO_ESAME, ESITO, CODICE_CC)
VALUES(to_date('01/01/2019 13:30','dd/mm/yyyy hh24:mi'), 'Risonanza Magnetica', 1, 'CC00000002');

INSERT INTO ESAMI (DATA_ORA, TIPO_ESAME, ESITO, CODICE_CC)
VALUES(to_date('02/01/2019 14:00','dd/mm/yyyy hh24:mi'), 'Radiografia', 0, 'CC00000003');

INSERT INTO ESAMI (DATA_ORA, TIPO_ESAME, ESITO, CODICE_CC)
VALUES(to_date('02/01/2019 17:55','dd/mm/yyyy hh24:mi'), 'PET', 0, 'CC00000004');

INSERT INTO ESAMI (DATA_ORA, TIPO_ESAME, ESITO, CODICE_CC)
VALUES(to_date('04/01/2019 7:30','dd/mm/yyyy hh24:mi'), 'Ecografia', 0, 'CC00000005');
INSERT INTO ESAMI (DATA_ORA, TIPO_ESAME, ESITO, CODICE_CC)
VALUES(to_date('06/01/2019 17:22','dd/mm/yyyy hh24:mi'), 'Radiografia', 1, 'CC00000006');

INSERT INTO ESAMI (DATA_ORA, TIPO_ESAME, ESITO, CODICE_CC)
VALUES(to_date('10/01/2019 18:10','dd/mm/yyyy hh24:mi'), 'Risonanza Magnetica', 0, 'CC00000007');

INSERT INTO ESAMI (DATA_ORA, TIPO_ESAME, ESITO, CODICE_CC)
VALUES(to_date('11/01/2019 12:53','dd/mm/yyyy hh24:mi'), 'TAC', 0, 'CC00000008');

INSERT INTO ESAMI (DATA_ORA, TIPO_ESAME, ESITO, CODICE_CC)
VALUES(to_date('25/01/2019 19:00','dd/mm/yyyy hh24:mi'), 'TAC', 0, 'CC00000009');

INSERT INTO ESAMI (DATA_ORA, TIPO_ESAME, ESITO, CODICE_CC)
VALUES(to_date('27/01/2019 9:30','dd/mm/yyyy hh24:mi'), 'Risonanza Magnetica', 0, 'CC00000010');

INSERT INTO ESAMI (DATA_ORA, TIPO_ESAME, ESITO, CODICE_CC)
VALUES(to_date('31/01/2019 20:55','dd/mm/yyyy hh24:mi'), 'Radiografia', 0, 'CC00000011');

INSERT INTO ESAMI (DATA_ORA, TIPO_ESAME, ESITO, CODICE_CC)
VALUES(to_date('04/02/2019 11:41','dd/mm/yyyy hh24:mi'), 'PET', 0, 'CC00000012');

INSERT INTO ESAMI (DATA_ORA, TIPO_ESAME, ESITO, CODICE_CC)
VALUES(to_date('06/02/2019 8:10','dd/mm/yyyy hh24:mi'), 'Ecografia', 0, 'CC00000013');

INSERT INTO ESAMI (DATA_ORA, TIPO_ESAME, ESITO, CODICE_CC)
VALUES(to_date('12/02/2019 14:20','dd/mm/yyyy hh24:mi'), 'Radiografia', 1, 'CC00000014');

INSERT INTO ESAMI (DATA_ORA, TIPO_ESAME, ESITO, CODICE_CC)
VALUES(to_date('12/02/2019 16:27','dd/mm/yyyy hh24:mi'), 'Risonanza Magnetica', 0, 'CC00000015');

INSERT INTO ESAMI (DATA_ORA, TIPO_ESAME, ESITO, CODICE_CC)
VALUES(to_date('02/03/2019 12:10','dd/mm/yyyy hh24:mi'), 'TAC', 0, 'CC00000016');



--SINTOMATOLOGIA

INSERT INTO sintomatologia_cc (DATA_ORA, SINTOMO, CODICE_CC)
VALUES(to_date('01/01/2019 1:00','dd/mm/yyyy hh24:mi'), 'Diarrea', 'CC00000001');

INSERT INTO sintomatologia_cc (DATA_ORA, SINTOMO, CODICE_CC)
VALUES(to_date('01/01/2019 1:30','dd/mm/yyyy hh24:mi'), 'Infiammazione', 'CC00000002');

INSERT INTO sintomatologia_cc (DATA_ORA, SINTOMO, CODICE_CC)
VALUES(to_date('02/01/2019 10:00','dd/mm/yyyy hh24:mi'), 'Nausea', 'CC00000003');

INSERT INTO sintomatologia_cc (DATA_ORA, SINTOMO, CODICE_CC)
VALUES(to_date('02/01/2019 14:19','dd/mm/yyyy hh24:mi'), 'Febbre', 'CC00000004');

INSERT INTO sintomatologia_cc (DATA_ORA, SINTOMO, CODICE_CC)
VALUES(to_date('03/01/2019 17:20','dd/mm/yyyy hh24:mi'), 'Febbre', 'CC00000005');

INSERT INTO sintomatologia_cc (DATA_ORA, SINTOMO, CODICE_CC)
VALUES(to_date('06/01/2019 10:11','dd/mm/yyyy hh24:mi'), 'Tosse', 'CC00000006');

INSERT INTO sintomatologia_cc (DATA_ORA, SINTOMO, CODICE_CC)
VALUES(to_date('10/01/2019 12:30','dd/mm/yyyy hh24:mi'), 'Vomito', 'CC00000007');

INSERT INTO sintomatologia_cc (DATA_ORA, SINTOMO, CODICE_CC)
VALUES(to_date('11/01/2019 01:20','dd/mm/yyyy hh24:mi'), 'Gonfiore', 'CC00000008');

INSERT INTO sintomatologia_cc (DATA_ORA, SINTOMO, CODICE_CC)
VALUES(to_date('25/01/2019 5:23','dd/mm/yyyy hh24:mi'), 'Diarrea', 'CC00000009');

INSERT INTO sintomatologia_cc (DATA_ORA, SINTOMO, CODICE_CC)
VALUES(to_date('26/01/2019 19:30','dd/mm/yyyy hh24:mi'), 'Infiammazione', 'CC00000010');

INSERT INTO sintomatologia_cc (DATA_ORA, SINTOMO, CODICE_CC)
VALUES(to_date('30/01/2019 23:55','dd/mm/yyyy hh24:mi'), 'Stanchezza', 'CC00000011');

INSERT INTO sintomatologia_cc (DATA_ORA, SINTOMO, CODICE_CC)
VALUES(to_date('03/02/2019 22:17','dd/mm/yyyy hh24:mi'), 'Stitichezza', 'CC00000012');

INSERT INTO sintomatologia_cc (DATA_ORA, SINTOMO, CODICE_CC)
VALUES(to_date('05/02/2019 13:47','dd/mm/yyyy hh24:mi'), 'Dolori addominali', 'CC00000013');

INSERT INTO sintomatologia_cc (DATA_ORA, SINTOMO, CODICE_CC)
VALUES(to_date('12/02/2019 7:20','dd/mm/yyyy hh24:mi'), 'Gonfiore', 'CC00000014');

INSERT INTO sintomatologia_cc (DATA_ORA, SINTOMO, CODICE_CC)
VALUES(to_date('12/02/2019 10:41','dd/mm/yyyy hh24:mi'), 'Tosse', 'CC00000015');

INSERT INTO sintomatologia_cc (DATA_ORA, SINTOMO, CODICE_CC)
VALUES(to_date('01/03/2019 21:32','dd/mm/yyyy hh24:mi'), 'Dolori addominali', 'CC00000016');



COMMIT;