--HA_I
INSERT INTO HA_I(COD_CART_INF, CF_INF) VALUES ('CI77277340', 'CCC0000000000001');
INSERT INTO HA_I(COD_CART_INF, CF_INF) VALUES ('CI61623100', 'CCC0000000000002');
INSERT INTO HA_I(COD_CART_INF, CF_INF) VALUES ('CI72962004', 'CCC0000000000003');
INSERT INTO HA_I(COD_CART_INF, CF_INF) VALUES ('CI32604765', 'CCC0000000000003');
INSERT INTO HA_I(COD_CART_INF, CF_INF) VALUES ('CI78478268', 'CCC0000000000003');
INSERT INTO HA_I(COD_CART_INF, CF_INF) VALUES ('CI96389296', 'CCC0000000000004');
INSERT INTO HA_I(COD_CART_INF, CF_INF) VALUES ('CI09046850', 'CCC0000000000006');
INSERT INTO HA_I(COD_CART_INF, CF_INF) VALUES ('CI23839509', 'CCC0000000000007');
INSERT INTO HA_I(COD_CART_INF, CF_INF) VALUES ('CI79295765', 'CCC0000000000008');
INSERT INTO HA_I(COD_CART_INF, CF_INF) VALUES ('CI09046850', 'CCC0000000000008');
INSERT INTO HA_I(COD_CART_INF, CF_INF) VALUES ('CI32604765', 'CCC0000000000009');
INSERT INTO HA_I(COD_CART_INF, CF_INF) VALUES ('CI56803711', 'CCC0000000000009');
INSERT INTO HA_I(COD_CART_INF, CF_INF) VALUES ('CI61623100', 'CCC0000000000009');
INSERT INTO HA_I(COD_CART_INF, CF_INF) VALUES ('CI29105743', 'CCC0000000000009');
INSERT INTO HA_I(COD_CART_INF, CF_INF) VALUES ('CI27001463', 'CCC0000000000010');
INSERT INTO HA_I(COD_CART_INF, CF_INF) VALUES ('CI32604765', 'CCC0000000000010');
INSERT INTO HA_I(COD_CART_INF, CF_INF) VALUES ('CI27001463', 'CCC0000000000011');
INSERT INTO HA_I(COD_CART_INF, CF_INF) VALUES ('CI31820930', 'CCC0000000000011');
INSERT INTO HA_I(COD_CART_INF, CF_INF) VALUES ('CI77277340', 'CCC0000000000011');
INSERT INTO HA_I(COD_CART_INF, CF_INF) VALUES ('CI72884323', 'CCC0000000000011');
INSERT INTO HA_I(COD_CART_INF, CF_INF) VALUES ('CI81879778', 'CCC0000000000013');
INSERT INTO HA_I(COD_CART_INF, CF_INF) VALUES ('CI96259553', 'CCC0000000000013');
INSERT INTO HA_I(COD_CART_INF, CF_INF) VALUES ('CI23839509', 'CCC0000000000013');
INSERT INTO HA_I(COD_CART_INF, CF_INF) VALUES ('CI78478268', 'CCC0000000000014');
INSERT INTO HA_I(COD_CART_INF, CF_INF) VALUES ('CI77277340', 'CCC0000000000014');
INSERT INTO HA_I(COD_CART_INF, CF_INF) VALUES ('CI23839509', 'CCC0000000000015');
INSERT INTO HA_I(COD_CART_INF, CF_INF) VALUES ('CI09046850', 'CCC0000000000016');

--DIARIO_INFERMIERISTICO
INSERT INTO DIARIO_INFERMIERISTICO(DATA_ORA, COD_CART_INF) VALUES(to_date('01/01/2019 10:03:00','dd/mm/yyyy HH24:mi:ss'), 'CI77277340');
INSERT INTO DIARIO_INFERMIERISTICO(DATA_ORA, COD_CART_INF) VALUES(to_date('12/01/2019 12:12:00','dd/mm/yyyy HH24:mi:ss'), 'CI61623100');
INSERT INTO DIARIO_INFERMIERISTICO(DATA_ORA, COD_CART_INF) VALUES(to_date('24/01/2019 17:36:00','dd/mm/yyyy HH24:mi:ss'), 'CI61623100');
INSERT INTO DIARIO_INFERMIERISTICO(DATA_ORA, COD_CART_INF) VALUES(to_date('12/01/2019 14:41:00','dd/mm/yyyy HH24:mi:ss'), 'CI72962004');
INSERT INTO DIARIO_INFERMIERISTICO(DATA_ORA, COD_CART_INF) VALUES(to_date('22/01/2019 15:00:00','dd/mm/yyyy HH24:mi:ss'), 'CI32604765');
INSERT INTO DIARIO_INFERMIERISTICO(DATA_ORA, COD_CART_INF) VALUES(to_date('03/02/2019 09:17:00','dd/mm/yyyy HH24:mi:ss'), 'CI32604765');
INSERT INTO DIARIO_INFERMIERISTICO(DATA_ORA, COD_CART_INF) VALUES(to_date('01/02/2019 11:20:00','dd/mm/yyyy HH24:mi:ss'), 'CI96389296');
INSERT INTO DIARIO_INFERMIERISTICO(DATA_ORA, COD_CART_INF) VALUES(to_date('14/02/2019 08:04:00','dd/mm/yyyy HH24:mi:ss'), 'CI23839509');
INSERT INTO DIARIO_INFERMIERISTICO(DATA_ORA, COD_CART_INF) VALUES(to_date('25/02/2019 16:58:00','dd/mm/yyyy HH24:mi:ss'), 'CI79295765');
INSERT INTO DIARIO_INFERMIERISTICO(DATA_ORA, COD_CART_INF) VALUES(to_date('03/03/2019 10:04:00','dd/mm/yyyy HH24:mi:ss'), 'CI09046850');
INSERT INTO DIARIO_INFERMIERISTICO(DATA_ORA, COD_CART_INF) VALUES(to_date('09/03/2019 19:33:00','dd/mm/yyyy HH24:mi:ss'), 'CI56803711');
INSERT INTO DIARIO_INFERMIERISTICO(DATA_ORA, COD_CART_INF) VALUES(to_date('27/03/2019 18:30:00','dd/mm/yyyy HH24:mi:ss'), 'CI29105743');
INSERT INTO DIARIO_INFERMIERISTICO(DATA_ORA, COD_CART_INF) VALUES(to_date('11/04/2019 14:17:00','dd/mm/yyyy HH24:mi:ss'), 'CI27001463');
INSERT INTO DIARIO_INFERMIERISTICO(DATA_ORA, COD_CART_INF) VALUES(to_date('01/05/2019 10:02:00','dd/mm/yyyy HH24:mi:ss'), 'CI31820930');
INSERT INTO DIARIO_INFERMIERISTICO(DATA_ORA, COD_CART_INF) VALUES(to_date('17/05/2019 21:53:00','dd/mm/yyyy HH24:mi:ss'), 'CI31820930');
INSERT INTO DIARIO_INFERMIERISTICO(DATA_ORA, COD_CART_INF) VALUES(to_date('02/05/2019 10:35:00','dd/mm/yyyy HH24:mi:ss'), 'CI72884323');
INSERT INTO DIARIO_INFERMIERISTICO(DATA_ORA, COD_CART_INF) VALUES(to_date('07/05/2019 13:13:00','dd/mm/yyyy HH24:mi:ss'), 'CI81879778');
INSERT INTO DIARIO_INFERMIERISTICO(DATA_ORA, COD_CART_INF) VALUES(to_date('21/05/2019 14:10:00','dd/mm/yyyy HH24:mi:ss'), 'CI96259553');
INSERT INTO DIARIO_INFERMIERISTICO(DATA_ORA, COD_CART_INF) VALUES(to_date('01/06/2019 07:22:00','dd/mm/yyyy HH24:mi:ss'), 'CI96259553');
INSERT INTO DIARIO_INFERMIERISTICO(DATA_ORA, COD_CART_INF) VALUES(to_date('21/05/2019 16:59:00','dd/mm/yyyy HH24:mi:ss'), 'CI78478268');

--sintomatologia_di
INSERT INTO sintomatologia_di(DATA_ORA, SINTOMO, COD_CART_INF) VALUES(to_date('01/01/2019 10:03:00','dd/mm/yyyy HH24:mi:ss'), 'Febbre', 'CI77277340');
INSERT INTO sintomatologia_di(DATA_ORA, SINTOMO, COD_CART_INF) VALUES(to_date('12/01/2019 12:12:00','dd/mm/yyyy HH24:mi:ss'), 'Dolori addominali', 'CI61623100');
INSERT INTO sintomatologia_di(DATA_ORA, SINTOMO, COD_CART_INF) VALUES(to_date('24/01/2019 17:36:00','dd/mm/yyyy HH24:mi:ss'), 'Nausea', 'CI61623100');
INSERT INTO sintomatologia_di(DATA_ORA, SINTOMO, COD_CART_INF) VALUES(to_date('12/01/2019 14:41:00','dd/mm/yyyy HH24:mi:ss'), 'Gonfiore', 'CI72962004');
INSERT INTO sintomatologia_di(DATA_ORA, SINTOMO, COD_CART_INF) VALUES(to_date('22/01/2019 15:00:00','dd/mm/yyyy HH24:mi:ss'), 'Diarrea', 'CI32604765');
INSERT INTO sintomatologia_di(DATA_ORA, SINTOMO, COD_CART_INF) VALUES(to_date('03/02/2019 09:17:00','dd/mm/yyyy HH24:mi:ss'), 'Vomito', 'CI32604765');
INSERT INTO sintomatologia_di(DATA_ORA, SINTOMO, COD_CART_INF) VALUES(to_date('01/02/2019 11:20:00','dd/mm/yyyy HH24:mi:ss'), 'Dolori addominali', 'CI96389296');
INSERT INTO sintomatologia_di(DATA_ORA, SINTOMO, COD_CART_INF) VALUES(to_date('14/02/2019 08:04:00','dd/mm/yyyy HH24:mi:ss'), 'Tosse', 'CI23839509');
INSERT INTO sintomatologia_di(DATA_ORA, SINTOMO, COD_CART_INF) VALUES(to_date('25/02/2019 16:58:00','dd/mm/yyyy HH24:mi:ss'), 'Stanchezza', 'CI79295765');
INSERT INTO sintomatologia_di(DATA_ORA, SINTOMO, COD_CART_INF) VALUES(to_date('03/03/2019 10:04:00','dd/mm/yyyy HH24:mi:ss'), 'Infiammazione', 'CI09046850');
INSERT INTO sintomatologia_di(DATA_ORA, SINTOMO, COD_CART_INF) VALUES(to_date('09/03/2019 19:33:00','dd/mm/yyyy HH24:mi:ss'), 'Nausea', 'CI56803711');
INSERT INTO sintomatologia_di(DATA_ORA, SINTOMO, COD_CART_INF) VALUES(to_date('27/03/2019 18:30:00','dd/mm/yyyy HH24:mi:ss'), 'Tosse', 'CI29105743');
INSERT INTO sintomatologia_di(DATA_ORA, SINTOMO, COD_CART_INF) VALUES(to_date('11/04/2019 14:17:00','dd/mm/yyyy HH24:mi:ss'), 'Febbre', 'CI27001463');
INSERT INTO sintomatologia_di(DATA_ORA, SINTOMO, COD_CART_INF) VALUES(to_date('01/05/2019 10:02:00','dd/mm/yyyy HH24:mi:ss'), 'Infiammazione', 'CI31820930');
INSERT INTO sintomatologia_di(DATA_ORA, SINTOMO, COD_CART_INF) VALUES(to_date('17/05/2019 21:53:00','dd/mm/yyyy HH24:mi:ss'), 'Nausea', 'CI31820930');
INSERT INTO sintomatologia_di(DATA_ORA, SINTOMO, COD_CART_INF) VALUES(to_date('02/05/2019 10:35:00','dd/mm/yyyy HH24:mi:ss'), 'Gonfiore', 'CI72884323');
INSERT INTO sintomatologia_di(DATA_ORA, SINTOMO, COD_CART_INF) VALUES(to_date('07/05/2019 13:13:00','dd/mm/yyyy HH24:mi:ss'), 'Vomito', 'CI81879778');
INSERT INTO sintomatologia_di(DATA_ORA, SINTOMO, COD_CART_INF) VALUES(to_date('21/05/2019 14:10:00','dd/mm/yyyy HH24:mi:ss'), 'Dolori addominali', 'CI96259553');
INSERT INTO sintomatologia_di(DATA_ORA, SINTOMO, COD_CART_INF) VALUES(to_date('01/06/2019 07:22:00','dd/mm/yyyy HH24:mi:ss'), 'Tosse', 'CI96259553');
INSERT INTO sintomatologia_di(DATA_ORA, SINTOMO, COD_CART_INF) VALUES(to_date('21/05/2019 16:59:00','dd/mm/yyyy HH24:mi:ss'), 'Stanchezza', 'CI78478268');

--FOGLIO_TERAPIA
INSERT INTO FOGLIO_TERAPIA(DATA_ORA, METODO_SOMMINISTRA, COD_CART_INF) VALUES(to_date('02/01/2019 11:20:00','dd/mm/yyyy HH24:mi:ss'), 'Transcutanea', 'CI77277340');
INSERT INTO FOGLIO_TERAPIA(DATA_ORA, METODO_SOMMINISTRA, COD_CART_INF) VALUES(to_date('26/01/2019 10:30:00','dd/mm/yyyy HH24:mi:ss'), 'Transcutanea', 'CI77277340');
INSERT INTO FOGLIO_TERAPIA(DATA_ORA, METODO_SOMMINISTRA, COD_CART_INF) VALUES(to_date('14/02/2019 17:15:00','dd/mm/yyyy HH24:mi:ss'), 'Endovena', 'CI77277340');
INSERT INTO FOGLIO_TERAPIA(DATA_ORA, METODO_SOMMINISTRA, COD_CART_INF) VALUES(to_date('18/01/2019 14:38:00','dd/mm/yyyy HH24:mi:ss'), 'Inalatoria', 'CI61623100');
INSERT INTO FOGLIO_TERAPIA(DATA_ORA, METODO_SOMMINISTRA, COD_CART_INF) VALUES(to_date('01/03/2019 09:02:00','dd/mm/yyyy HH24:mi:ss'), 'Intravascolare', 'CI61623100');
INSERT INTO FOGLIO_TERAPIA(DATA_ORA, METODO_SOMMINISTRA, COD_CART_INF) VALUES(to_date('07/02/2019 12:43:00','dd/mm/yyyy HH24:mi:ss'), 'Inalatoria', 'CI72962004');
INSERT INTO FOGLIO_TERAPIA(DATA_ORA, METODO_SOMMINISTRA, COD_CART_INF) VALUES(to_date('27/01/2019 08:00:00','dd/mm/yyyy HH24:mi:ss'), 'Transcutanea', 'CI32604765');
INSERT INTO FOGLIO_TERAPIA(DATA_ORA, METODO_SOMMINISTRA, COD_CART_INF) VALUES(to_date('16/02/2019 16:08:00','dd/mm/yyyy HH24:mi:ss'), 'Intravascolare', 'CI32604765');
INSERT INTO FOGLIO_TERAPIA(DATA_ORA, METODO_SOMMINISTRA, COD_CART_INF) VALUES(to_date('02/04/2019 10:44:00','dd/mm/yyyy HH24:mi:ss'), 'Endovena', 'CI32604765');
INSERT INTO FOGLIO_TERAPIA(DATA_ORA, METODO_SOMMINISTRA, COD_CART_INF) VALUES(to_date('18/02/2019 09:24:00','dd/mm/yyyy HH24:mi:ss'), 'Intramuscolare', 'CI96389296');
INSERT INTO FOGLIO_TERAPIA(DATA_ORA, METODO_SOMMINISTRA, COD_CART_INF) VALUES(to_date('20/04/2019 19:20:00','dd/mm/yyyy HH24:mi:ss'), 'Transcutanea', 'CI96389296');
INSERT INTO FOGLIO_TERAPIA(DATA_ORA, METODO_SOMMINISTRA, COD_CART_INF) VALUES(to_date('17/03/2019 03:19:00','dd/mm/yyyy HH24:mi:ss'), 'Intramuscolare', 'CI23839509');
INSERT INTO FOGLIO_TERAPIA(DATA_ORA, METODO_SOMMINISTRA, COD_CART_INF) VALUES(to_date('12/03/2019 18:36:00','dd/mm/yyyy HH24:mi:ss'), 'Inalatoria', 'CI79295765');
INSERT INTO FOGLIO_TERAPIA(DATA_ORA, METODO_SOMMINISTRA, COD_CART_INF) VALUES(to_date('06/04/2019 12:15:00','dd/mm/yyyy HH24:mi:ss'), 'Transcutanea', 'CI79295765');
INSERT INTO FOGLIO_TERAPIA(DATA_ORA, METODO_SOMMINISTRA, COD_CART_INF) VALUES(to_date('22/05/2019 09:33:00','dd/mm/yyyy HH24:mi:ss'), 'Rettale', 'CI79295765');
INSERT INTO FOGLIO_TERAPIA(DATA_ORA, METODO_SOMMINISTRA, COD_CART_INF) VALUES(to_date('03/03/2019 11:50:00','dd/mm/yyyy HH24:mi:ss'), 'Intramuscolare', 'CI09046850');
INSERT INTO FOGLIO_TERAPIA(DATA_ORA, METODO_SOMMINISTRA, COD_CART_INF) VALUES(to_date('29/04/2019 14:00:00','dd/mm/yyyy HH24:mi:ss'), 'Endovena', 'CI09046850');
INSERT INTO FOGLIO_TERAPIA(DATA_ORA, METODO_SOMMINISTRA, COD_CART_INF) VALUES(to_date('07/05/2019 15:30:00','dd/mm/yyyy HH24:mi:ss'), 'Intravascolare', 'CI56803711');
INSERT INTO FOGLIO_TERAPIA(DATA_ORA, METODO_SOMMINISTRA, COD_CART_INF) VALUES(to_date('09/05/2019 22:37:00','dd/mm/yyyy HH24:mi:ss'), 'Intravascolare', 'CI29105743');
INSERT INTO FOGLIO_TERAPIA(DATA_ORA, METODO_SOMMINISTRA, COD_CART_INF) VALUES(to_date('29/05/2019 16:10:00','dd/mm/yyyy HH24:mi:ss'), 'Transcutanea', 'CI29105743');
INSERT INTO FOGLIO_TERAPIA(DATA_ORA, METODO_SOMMINISTRA, COD_CART_INF) VALUES(to_date('02/06/2019 08:55:00','dd/mm/yyyy HH24:mi:ss'), 'Intramuscolare', 'CI29105743');
INSERT INTO FOGLIO_TERAPIA(DATA_ORA, METODO_SOMMINISTRA, COD_CART_INF) VALUES(to_date('30/04/2019 13:00:00','dd/mm/yyyy HH24:mi:ss'), 'Endovena', 'CI27001463');
INSERT INTO FOGLIO_TERAPIA(DATA_ORA, METODO_SOMMINISTRA, COD_CART_INF) VALUES(to_date('17/05/2019 20:28:00','dd/mm/yyyy HH24:mi:ss'), 'Endovena', 'CI27001463');
INSERT INTO FOGLIO_TERAPIA(DATA_ORA, METODO_SOMMINISTRA, COD_CART_INF) VALUES(to_date('24/05/2019 19:07:00','dd/mm/yyyy HH24:mi:ss'), 'Rettale', 'CI31820930');
INSERT INTO FOGLIO_TERAPIA(DATA_ORA, METODO_SOMMINISTRA, COD_CART_INF) VALUES(to_date('12/05/2019 13:32:00','dd/mm/yyyy HH24:mi:ss'), 'Intramuscolare', 'CI72884323');
INSERT INTO FOGLIO_TERAPIA(DATA_ORA, METODO_SOMMINISTRA, COD_CART_INF) VALUES(to_date('23/05/2019 09:37:00','dd/mm/yyyy HH24:mi:ss'), 'Transcutanea', 'CI72884323');
INSERT INTO FOGLIO_TERAPIA(DATA_ORA, METODO_SOMMINISTRA, COD_CART_INF) VALUES(to_date('01/06/2019 21:45:00','dd/mm/yyyy HH24:mi:ss'), 'Inalatoria', 'CI72884323');
INSERT INTO FOGLIO_TERAPIA(DATA_ORA, METODO_SOMMINISTRA, COD_CART_INF) VALUES(to_date('17/05/2019 18:09:00','dd/mm/yyyy HH24:mi:ss'), 'Inalatoria', 'CI81879778');
INSERT INTO FOGLIO_TERAPIA(DATA_ORA, METODO_SOMMINISTRA, COD_CART_INF) VALUES(to_date('22/06/2019 17:52:00','dd/mm/yyyy HH24:mi:ss'), 'Intramuscolare', 'CI81879778');
INSERT INTO FOGLIO_TERAPIA(DATA_ORA, METODO_SOMMINISTRA, COD_CART_INF) VALUES(to_date('18/06/2019 16:21:00','dd/mm/yyyy HH24:mi:ss'), 'Rettale', 'CI96259553');
INSERT INTO FOGLIO_TERAPIA(DATA_ORA, METODO_SOMMINISTRA, COD_CART_INF) VALUES(to_date('25/05/2019 07:32:00','dd/mm/yyyy HH24:mi:ss'), 'Transcutanea', 'CI78478268');
INSERT INTO FOGLIO_TERAPIA(DATA_ORA, METODO_SOMMINISTRA, COD_CART_INF) VALUES(to_date('09/06/2019 12:31:00','dd/mm/yyyy HH24:mi:ss'), 'Intravascolare', 'CI78478268');
INSERT INTO FOGLIO_TERAPIA(DATA_ORA, METODO_SOMMINISTRA, COD_CART_INF) VALUES(to_date('29/06/2019 22:41:00','dd/mm/yyyy HH24:mi:ss'), 'Endovena', 'CI78478268');

--FARMACO
INSERT INTO FARMACO(COD_FARMACO, TIPO, NOME_FARMACO, ASSUNZ_GIORNALIERA) VALUES('FFF0000001', 'Antimicrobico', 'Bactocin', 2);
INSERT INTO FARMACO(COD_FARMACO, TIPO, NOME_FARMACO, ASSUNZ_GIORNALIERA) VALUES('FFF0000002', 'Catartico', 'Plantalax', 1);
INSERT INTO FARMACO(COD_FARMACO, TIPO, NOME_FARMACO, ASSUNZ_GIORNALIERA) VALUES('FFF0000003', 'Emetocatartico', 'Lipoxan', 1);
INSERT INTO FARMACO(COD_FARMACO, TIPO, NOME_FARMACO, ASSUNZ_GIORNALIERA) VALUES('FFF0000004', 'Oressizzante', 'Betotal', 3);
INSERT INTO FARMACO(COD_FARMACO, TIPO, NOME_FARMACO, ASSUNZ_GIORNALIERA) VALUES('FFF0000005', 'Stomachico', 'Enzitasi', 2);
INSERT INTO FARMACO(COD_FARMACO, TIPO, NOME_FARMACO, ASSUNZ_GIORNALIERA) VALUES('FFF0000006', 'Antimicrobico', 'Recoprox', 1);
INSERT INTO FARMACO(COD_FARMACO, TIPO, NOME_FARMACO, ASSUNZ_GIORNALIERA) VALUES('FFF0000007', 'Antimicrobico', 'Bactocin', 1);
INSERT INTO FARMACO(COD_FARMACO, TIPO, NOME_FARMACO, ASSUNZ_GIORNALIERA) VALUES('FFF0000008', 'Catartico', 'Plantalax', 1);
INSERT INTO FARMACO(COD_FARMACO, TIPO, NOME_FARMACO, ASSUNZ_GIORNALIERA) VALUES('FFF0000009', 'Emetocatartico', 'Lipoxan', 4);
INSERT INTO FARMACO(COD_FARMACO, TIPO, NOME_FARMACO, ASSUNZ_GIORNALIERA) VALUES('FFF0000010', 'Oressizzante', 'Betotal', 3);
INSERT INTO FARMACO(COD_FARMACO, TIPO, NOME_FARMACO, ASSUNZ_GIORNALIERA) VALUES('FFF0000011', 'Stomachico', 'Enzitasi', 2);
INSERT INTO FARMACO(COD_FARMACO, TIPO, NOME_FARMACO, ASSUNZ_GIORNALIERA) VALUES('FFF0000012', 'Antimicrobico', 'Recoprox', 3);
INSERT INTO FARMACO(COD_FARMACO, TIPO, NOME_FARMACO, ASSUNZ_GIORNALIERA) VALUES('FFF0000013', 'Oressizzante', 'Betotal', 4);
INSERT INTO FARMACO(COD_FARMACO, TIPO, NOME_FARMACO, ASSUNZ_GIORNALIERA) VALUES('FFF0000014', 'Antimicrobico', 'Recoprox', 1);
INSERT INTO FARMACO(COD_FARMACO, TIPO, NOME_FARMACO, ASSUNZ_GIORNALIERA) VALUES('FFF0000015', 'Stomachico', 'Enzitasi', 2);
INSERT INTO FARMACO(COD_FARMACO, TIPO, NOME_FARMACO, ASSUNZ_GIORNALIERA) VALUES('FFF0000016', 'Antimicrobico', 'Recoprox', 2);


--CONTIENE
INSERT INTO CONTIENE(DATA_ORA, COD_CART_INF, COD_FARMACO) VALUES(to_date('02/01/2019 11:20:00','dd/mm/yyyy HH24:mi:ss'), 'CI77277340', 'FFF0000001');
INSERT INTO CONTIENE(DATA_ORA, COD_CART_INF, COD_FARMACO) VALUES(to_date('26/01/2019 10:30:00','dd/mm/yyyy HH24:mi:ss'), 'CI77277340', 'FFF0000001');
INSERT INTO CONTIENE(DATA_ORA, COD_CART_INF, COD_FARMACO) VALUES(to_date('14/02/2019 17:15:00','dd/mm/yyyy HH24:mi:ss'), 'CI77277340', 'FFF0000002');
INSERT INTO CONTIENE(DATA_ORA, COD_CART_INF, COD_FARMACO) VALUES(to_date('18/01/2019 14:38:00','dd/mm/yyyy HH24:mi:ss'), 'CI61623100', 'FFF0000003');
INSERT INTO CONTIENE(DATA_ORA, COD_CART_INF, COD_FARMACO) VALUES(to_date('01/03/2019 09:02:00','dd/mm/yyyy HH24:mi:ss'), 'CI61623100', 'FFF0000004');
INSERT INTO CONTIENE(DATA_ORA, COD_CART_INF, COD_FARMACO) VALUES(to_date('07/02/2019 12:43:00','dd/mm/yyyy HH24:mi:ss'), 'CI72962004', 'FFF0000003');
INSERT INTO CONTIENE(DATA_ORA, COD_CART_INF, COD_FARMACO) VALUES(to_date('27/01/2019 08:00:00','dd/mm/yyyy HH24:mi:ss'), 'CI32604765', 'FFF0000001');
INSERT INTO CONTIENE(DATA_ORA, COD_CART_INF, COD_FARMACO) VALUES(to_date('16/02/2019 16:08:00','dd/mm/yyyy HH24:mi:ss'), 'CI32604765', 'FFF0000004');
INSERT INTO CONTIENE(DATA_ORA, COD_CART_INF, COD_FARMACO) VALUES(to_date('02/04/2019 10:44:00','dd/mm/yyyy HH24:mi:ss'), 'CI32604765', 'FFF0000002');
INSERT INTO CONTIENE(DATA_ORA, COD_CART_INF, COD_FARMACO) VALUES(to_date('18/02/2019 09:24:00','dd/mm/yyyy HH24:mi:ss'), 'CI96389296', 'FFF0000005');
INSERT INTO CONTIENE(DATA_ORA, COD_CART_INF, COD_FARMACO) VALUES(to_date('20/04/2019 19:20:00','dd/mm/yyyy HH24:mi:ss'), 'CI96389296', 'FFF0000001');
INSERT INTO CONTIENE(DATA_ORA, COD_CART_INF, COD_FARMACO) VALUES(to_date('17/03/2019 03:19:00','dd/mm/yyyy HH24:mi:ss'), 'CI23839509', 'FFF0000005');
INSERT INTO CONTIENE(DATA_ORA, COD_CART_INF, COD_FARMACO) VALUES(to_date('12/03/2019 18:36:00','dd/mm/yyyy HH24:mi:ss'), 'CI79295765', 'FFF0000003');
INSERT INTO CONTIENE(DATA_ORA, COD_CART_INF, COD_FARMACO) VALUES(to_date('06/04/2019 12:15:00','dd/mm/yyyy HH24:mi:ss'), 'CI79295765', 'FFF0000001');
INSERT INTO CONTIENE(DATA_ORA, COD_CART_INF, COD_FARMACO) VALUES(to_date('22/05/2019 09:33:00','dd/mm/yyyy HH24:mi:ss'), 'CI79295765', 'FFF0000006');
INSERT INTO CONTIENE(DATA_ORA, COD_CART_INF, COD_FARMACO) VALUES(to_date('03/03/2019 11:50:00','dd/mm/yyyy HH24:mi:ss'), 'CI09046850', 'FFF0000005');
INSERT INTO CONTIENE(DATA_ORA, COD_CART_INF, COD_FARMACO) VALUES(to_date('29/04/2019 14:00:00','dd/mm/yyyy HH24:mi:ss'), 'CI09046850', 'FFF0000002');
INSERT INTO CONTIENE(DATA_ORA, COD_CART_INF, COD_FARMACO) VALUES(to_date('07/05/2019 15:30:00','dd/mm/yyyy HH24:mi:ss'), 'CI56803711', 'FFF0000004');
INSERT INTO CONTIENE(DATA_ORA, COD_CART_INF, COD_FARMACO) VALUES(to_date('09/05/2019 22:37:00','dd/mm/yyyy HH24:mi:ss'), 'CI29105743', 'FFF0000004');
INSERT INTO CONTIENE(DATA_ORA, COD_CART_INF, COD_FARMACO) VALUES(to_date('29/05/2019 16:10:00','dd/mm/yyyy HH24:mi:ss'), 'CI29105743', 'FFF0000001');
INSERT INTO CONTIENE(DATA_ORA, COD_CART_INF, COD_FARMACO) VALUES(to_date('02/06/2019 08:55:00','dd/mm/yyyy HH24:mi:ss'), 'CI29105743', 'FFF0000005');
INSERT INTO CONTIENE(DATA_ORA, COD_CART_INF, COD_FARMACO) VALUES(to_date('30/04/2019 13:00:00','dd/mm/yyyy HH24:mi:ss'), 'CI27001463', 'FFF0000002');
INSERT INTO CONTIENE(DATA_ORA, COD_CART_INF, COD_FARMACO) VALUES(to_date('17/05/2019 20:28:00','dd/mm/yyyy HH24:mi:ss'), 'CI27001463', 'FFF0000002');
INSERT INTO CONTIENE(DATA_ORA, COD_CART_INF, COD_FARMACO) VALUES(to_date('24/05/2019 19:07:00','dd/mm/yyyy HH24:mi:ss'), 'CI31820930', 'FFF0000006');
INSERT INTO CONTIENE(DATA_ORA, COD_CART_INF, COD_FARMACO) VALUES(to_date('12/05/2019 13:32:00','dd/mm/yyyy HH24:mi:ss'), 'CI72884323', 'FFF0000005');
INSERT INTO CONTIENE(DATA_ORA, COD_CART_INF, COD_FARMACO) VALUES(to_date('23/05/2019 09:37:00','dd/mm/yyyy HH24:mi:ss'), 'CI72884323', 'FFF0000001');
INSERT INTO CONTIENE(DATA_ORA, COD_CART_INF, COD_FARMACO) VALUES(to_date('01/06/2019 21:45:00','dd/mm/yyyy HH24:mi:ss'), 'CI72884323', 'FFF0000003');
INSERT INTO CONTIENE(DATA_ORA, COD_CART_INF, COD_FARMACO) VALUES(to_date('17/05/2019 18:09:00','dd/mm/yyyy HH24:mi:ss'), 'CI81879778', 'FFF0000003');
INSERT INTO CONTIENE(DATA_ORA, COD_CART_INF, COD_FARMACO) VALUES(to_date('22/06/2019 17:52:00','dd/mm/yyyy HH24:mi:ss'), 'CI81879778', 'FFF0000005');
INSERT INTO CONTIENE(DATA_ORA, COD_CART_INF, COD_FARMACO) VALUES(to_date('18/06/2019 16:21:00','dd/mm/yyyy HH24:mi:ss'), 'CI96259553', 'FFF0000006');
INSERT INTO CONTIENE(DATA_ORA, COD_CART_INF, COD_FARMACO) VALUES(to_date('25/05/2019 07:32:00','dd/mm/yyyy HH24:mi:ss'), 'CI78478268', 'FFF0000001');
INSERT INTO CONTIENE(DATA_ORA, COD_CART_INF, COD_FARMACO) VALUES(to_date('09/06/2019 12:31:00','dd/mm/yyyy HH24:mi:ss'), 'CI78478268', 'FFF0000004');
INSERT INTO CONTIENE(DATA_ORA, COD_CART_INF, COD_FARMACO) VALUES(to_date('29/06/2019 22:41:00','dd/mm/yyyy HH24:mi:ss'), 'CI78478268', 'FFF0000002');

COMMIT;